cargo;uf;nome_urna;partido;coligacao;faixa_partido;faixa_final;override_motivo;apoio_lula;apoio_bolsonaro;fonte_url;notas
presidente;BR;Lula;PT;PT/PCdoB/PV/PSB/PDT/PSOL/Rede;frente-ampla;frente-ampla;;sim;nao;https://pt.wikipedia.org/wiki/Elei%C3%A7%C3%A3o_presidencial_no_Brasil_em_2026;Candidato à reeleição - apoio_lula=sim por ser o próprio. Vice Geraldo Alckmin (PSB). Coligação Fed. Brasil da Esperança + PSB + PDT + Fed. PSOL-Rede (Poder360 05/08/2026). Datafolha 22-24/09/2026: 40%. Quaest 24-27/09: 39%.
presidente;BR;Flávio Bolsonaro;PL;PL (chapa isolada);extrema-direita;extrema-direita;;nao;sim;https://pt.wikipedia.org/wiki/Elei%C3%A7%C3%A3o_presidencial_no_Brasil_em_2026;Candidato do PL e da família Bolsonaro. Vice Alfredo Gaspar (PL-AL). Datafolha 22-24/09/2026: 36%. Quaest 24-27/09: 34%.
presidente;BR;Ronaldo Caiado;PSD;PSD (chapa isolada);centrao;centrao;;nao;nao;https://pt.wikipedia.org/wiki/Elei%C3%A7%C3%A3o_presidencial_no_Brasil_em_2026;Vice Gilberto Kassab. Concorre contra Flávio Bolsonaro - sem apoio de Bolsonaro/PL. Perfil de direita, ex-aliado de Bolsonaro, mas sem declaração bolsonarista confirmada nesta campanha - mantido centrao. Datafolha 22-24/09/2026: 4%.
presidente;BR;Romeu Zema;NOVO;NOVO (chapa isolada);direita-liberal;direita-liberal;;nao;nao;https://pt.wikipedia.org/wiki/Elei%C3%A7%C3%A3o_presidencial_no_Brasil_em_2026;Vice Eduardo Girão. Concorre contra Flávio Bolsonaro. Datafolha 22-24/09/2026: 1%.
presidente;BR;Renan Santos;MISSÃO;MISSÃO (chapa isolada);direita-liberal;direita-liberal;;nao;nao;https://pt.wikipedia.org/wiki/Elei%C3%A7%C3%A3o_presidencial_no_Brasil_em_2026;Vice Coronel Aroldo Medina. Datafolha 22-24/09/2026: 3%.
presidente;BR;Augusto Cury;AVANTE;AVANTE/Agir (Brasil dos Nossos Sonhos);frente-ampla;frente-ampla;;nao;nao;https://pt.wikipedia.org/wiki/Elei%C3%A7%C3%A3o_presidencial_no_Brasil_em_2026;DUVIDOSO: faixa-padrão do Avante é frente-ampla pela regra, mas o Avante NÃO integra a coligação de Lula e Cury se apresenta como alternativa à polarização. Sem override previsto pela regra - revisar manualmente. Vice Júlio Delgado. Datafolha 22-24/09/2026: 5%.
presidente;BR;Clariana Barão;DC;DC (chapa isolada);centrao;centrao;;nao;nao;https://www.gazetadopovo.com.br/eleicoes/2026/quem-sao-candidatos-presidente-2026/;Vice Fabiana Torquato. DC classificado como centrao (partido não listado - caiu no etc.). % individual na pesquisa: ? (somado em outros, ~1% ou menos).
presidente;BR;Edmilson Costa;PCB;PCB (chapa isolada);esquerda-radical;esquerda-radical;;nao;nao;https://www.gazetadopovo.com.br/eleicoes/2026/quem-sao-candidatos-presidente-2026/;Vice Cleusa Santos. % individual: ? (somado em outros, ~1% ou menos).
presidente;BR;Hertz Dias;PSTU;PSTU (chapa isolada);esquerda-radical;esquerda-radical;;nao;nao;https://www.gazetadopovo.com.br/eleicoes/2026/quem-sao-candidatos-presidente-2026/;Vice Vanessa Portugal. % individual: ? (somado em outros, ~1% ou menos).
presidente;BR;Leonardo Avalanche;PRTB;PRTB (chapa isolada);centrao;centrao;;nao;nao;https://www.gazetadopovo.com.br/eleicoes/2026/prtb-lanca-leonardo-avalanche-a-presidencia-apos-tse-barrar-candidatura-de-marcal/;Substituiu Pablo Marçal (registro barrado pelo TSE em 11/09/2026) - pedido de substituição em 15/09. Vice Silvia Hellen da Silva Pereira. PRTB classificado como centrao (etc.). DUVIDOSO: em 2025 disse querer resgatar aliança com Bolsonaro, mas não há apoio de Bolsonaro/PL (que têm Flávio) nem autodeclaração bolsonarista confirmada - sem override. % individual: ?.
presidente;BR;Rui Costa Pimenta;PCO;PCO (chapa isolada);esquerda-radical;esquerda-radical;;nao;nao;https://www.gazetadopovo.com.br/eleicoes/2026/quem-sao-candidatos-presidente-2026/;Vice Antônio Carlos Silva. % individual: ? (somado em outros, ~1% ou menos).
presidente;BR;Samara Martins;UP;UP (chapa isolada);esquerda-radical;esquerda-radical;;nao;nao;https://www.gazetadopovo.com.br/eleicoes/2026/quem-sao-candidatos-presidente-2026/;Nome de urna pode ser apenas Samara (Gazeta do Povo) - confirmar no DivulgaCand. Vice Raquel Brício. % individual: ?.
presidente;BR;Wilson Grassi;DEMOCRATA;DEMOCRATA (chapa isolada);centrao;centrao;;nao;nao;https://www.poder360.com.br/poder-eleicoes-2026/democrata-lanca-wilson-grassi-junior-a-presidencia/;Democrata = ex-PMB, renomeado em dez/2025 - classificado como centrao (etc.). Nome de urna pode ser Veterinário Wilson Grassi (Gazeta do Povo) - confirmar. Vice Suêd Haidar. % individual: ?.
governador;AC;Mailza Assis;PP;PP/União/PL/MDB;centrao;extrema-direita;PL na coligação (indicou apoio e chapa do Senado) e apoio declarado de Flávio Bolsonaro;nao;sim;https://folhadoacre.com.br/2026/09/pesquisa-quaest-mostra-mailza-com-36-e-alan-rick-com-28-na-corrida-pelo-governo-do-acre/;Quaest 21-24/set: 36%. Coligação Avança Acre (federação União Progressista + PL + MDB na vice - Jéssica Sales), lista pode ter outros partidos. PL confirmou apoio: https://oriobranco.net/pl-oficializa-candidaturas-para-2026-no-acre-e-confirma-apoio-a-reeleicao-de-mailza-assis . Flávio apoia Mailza: https://www.cartacapital.com.br/politica/o-mapa-de-flavio-bolsonaro-onde-o-candidato-do-pl-tem-palanque-e-onde-nao-tem/ . Poder360 classifica AC como sem palanque competitivo
governador;AC;Alan Rick;Republicanos;Republicanos/Novo/PSD/Avante/DC/Democrata;centrao;extrema-direita;bolsonarista declarado - pede voto para Flávio Bolsonaro;nao;sim;https://folhadoacre.com.br/2026/09/pesquisa-quaest-mostra-mailza-com-36-e-alan-rick-com-28-na-corrida-pelo-governo-do-acre/;Quaest 21-24/set: 28% (IPSensus 19-24/set dá Alan 38,1% x Mailza 29,4%). Republicanos-AC anunciou apoio a Flávio e Alan pede voto nele: https://diariodoacre.com.br/alan-rick-pede-voto-para-flavio-bolsonaro-e-afirma-o-acre-precisa-mudar-e-nos-estamos-preparados/ . Sem PL na coligação (PL está com Mailza). Coligação conforme Congresso em Foco/Revista Oeste
governador;AC;Tião Bocalom;PSDB;?;direita-liberal;extrema-direita;bolsonarista declarado - diz ser o candidato mais alinhado a Flávio Bolsonaro;nao;sim;https://folhadoacre.com.br/2026/09/pesquisa-quaest-mostra-mailza-com-36-e-alan-rick-com-28-na-corrida-pelo-governo-do-acre/;Quaest 21-24/set: 15%. Ex-PL. Alinhamento a Flávio: https://diariodoacre.com.br/bocalom-sobe-o-tom-e-diz-ser-o-unico-candidato-ao-governo-alinhado-a-flavio/ . Apoio é declarado pelo candidato, sem PL na coligação - caso a revisar. Coligação não confirmada
governador;AL;Renan Filho;MDB;MDB/PT/PCdoB/PV/PSD/PSB/Agir;centrao;frente-ampla;PT na coligação, palanque de Lula no estado;sim;nao;https://www.poder360.com.br/poder-eleicoes-2026/renan-filho-e-jhc-empatam-em-1o-e-2o-turnos-em-alagoas/;Real Time Big Data 21-24.set.2026: 47% (1º turno). Coligação Pra Alagoas Fazer História de Novo conforme pt.wikipedia, outra fonte (O Tempo) inclui também PRD/Solidariedade/Podemos/Avante. Lula fez ato com Renan Filho em Maceió em 24.set.
governador;AL;JHC;PSDB;PSDB/Cidadania/PDT/União/PP/PL/Podemos/PRD/Solidariedade/DC/Avante;direita-liberal;extrema-direita;PL na coligação, chapa anunciada por Flávio Bolsonaro;nao;sim;https://www.poder360.com.br/poder-eleicoes-2026/renan-filho-e-jhc-empatam-em-1o-e-2o-turnos-em-alagoas/;Real Time Big Data 21-24.set.2026: 44%. Coligação Alagoas Gigante (pt.wikipedia). Flávio anunciou JHC/Marina/Lira em 6.ago (jornaldealagoas.com.br). DUVIDOSO: campanha evita Bolsonaro e o vice Ronaldo Lessa (PDT) pede voto em Lula e JHC (metropoles.com). Quaest 21-24.set: JHC 43 x Renan 41.
governador;AM;Omar Aziz;PSD;PSD/MDB/PT/PCdoB/PV/Republicanos;centrao;frente-ampla;PT na coligação, palanque de Lula no estado;sim;nao;https://www.gazetadopovo.com.br/eleicoes/2026/pesquisa-eleitoral-2026/quaest-governador-senador-amazonas-setembro-2026/;Quaest 20-23/set: 29%. Coligação Força Amazonas com Federação Brasil da Esperança (pt.wikipedia Eleições estaduais no Amazonas em 2026). Palanque de Lula: https://pt.org.br/eleicoes-2026-conheca-o-mapa-do-time-de-lula-em-todo-o-pais/
governador;AM;Professora Maria do Carmo;PL;PL/Novo;extrema-direita;extrema-direita;;nao;sim;https://www.gazetadopovo.com.br/eleicoes/2026/pesquisa-eleitoral-2026/quaest-governador-senador-amazonas-setembro-2026/;Quaest 20-23/set: 19%. Palanque de Flávio no AM: https://www.cartacapital.com.br/politica/o-mapa-de-flavio-bolsonaro-onde-o-candidato-do-pl-tem-palanque-e-onde-nao-tem/ . Coligação Mudar é Urgente
governador;AM;Roberto Cidade;União;União/PP/Podemos/PSB;centrao;centrao;;nao;?;https://www.gazetadopovo.com.br/eleicoes/2026/pesquisa-eleitoral-2026/quaest-governador-senador-amazonas-setembro-2026/;Quaest 20-23/set: 18%. Governador (eleito indiretamente), grupo de Wilson Lima. Vice Serafim Corrêa (PSB). PL-AM dividido - parte apoia Cidade informalmente, mas PL tem candidata própria. Pontual 25/set: 27,1% x Omar 27,9%
governador;AM;David Almeida;Avante;Avante/PDT/Solidariedade/PRD/Agir/DC;frente-ampla;frente-ampla;;nao;nao;https://www.gazetadopovo.com.br/eleicoes/2026/pesquisa-eleitoral-2026/quaest-governador-senador-amazonas-setembro-2026/;Quaest 20-23/set: 11%. Faixa pelo partido (Avante) - prefeito de Manaus com perfil de centro. apoio_lula nao: palanque formal de Lula é Omar Aziz. Caso duvidoso quanto à faixa
governador;AP;Dr Furlan;PSD;PSD/PL/Podemos/Novo;centrao;extrema-direita;PL na coligação (indicou a vice Luciana Gurgel);nao;sim;https://www.gazetadopovo.com.br/eleicoes/2026/pesquisa-eleitoral-2026/quaest-governador-senador-amapa-setembro-2026/;Quaest 20-23/set: 53%. Coligação tem 3 presidenciáveis (Caiado-PSD, Flávio-PL, Zema-Novo) e Furlan promete neutralidade: https://www.metropoles.com/brasil/dr-furlan-tem-3-presidenciaveis-coligados-mas-quer-ap-longe-da-disputa-nacional . Override por PL na coligação - caso duvidoso
governador;AP;Clécio;União;União/PP/PT/PCdoB/PV/Rede/PSOL/PDT/Republicanos;centrao;frente-ampla;PT na coligação, palanque de Lula no estado;sim;nao;https://www.gazetadopovo.com.br/eleicoes/2026/pesquisa-eleitoral-2026/quaest-governador-senador-amapa-setembro-2026/;Quaest 20-23/set: 40%. Vice Teles Jr (PDT). PT abriu mão de candidatura: https://pt.org.br/eleicoes-2026-conheca-o-mapa-do-time-de-lula-em-todo-o-pais/ . Coligação: Metrópoles 25/jul
governador;BA;Jerônimo Rodrigues;PT;PT/PCdoB/PV/MDB/PSD/PSB/Avante/PDT;frente-ampla;frente-ampla;;sim;nao;https://www.gazetadopovo.com.br/eleicoes/2026/pesquisa-eleitoral-2026/real-time-big-data-governador-senado-bahia-setembro-2026-2/;Real Time Big Data 23-26.set.2026: 47% (estimulada, cenário de votos válidos 51%). Coligação Mais Bahia Mais Brasil (pt.wikipedia). Quaest 20-23.set: 40%.
governador;BA;ACM Neto;União;União/PP/PSDB/Cidadania/Republicanos/Podemos/Novo/PL/PRD/Solidariedade/Mobiliza;centrao;extrema-direita;PL na coligação, chapa com senadores bolsonaristas;nao;sim;https://www.gazetadopovo.com.br/eleicoes/2026/pesquisa-eleitoral-2026/real-time-big-data-governador-senado-bahia-setembro-2026-2/;Real Time Big Data 23-26.set.2026: 43% (válidos 47%). Coligação Unidos para Mudar a Bahia (pt.wikipedia). DUVIDOSO: relatos de que evita vincular-se a Flávio (jornalgrandebahia.com.br 2026/07), mas PL está formalmente na coligação. Quaest 20-23.set: 42%.
governador;CE;Ciro Gomes;PSDB;PSDB/Cidadania/União/PP/PL/Avante/DC;direita-liberal;extrema-direita;PL na coligação;nao;sim;https://www.gazetadopovo.com.br/eleicoes/2026/pesquisa-eleitoral-2026/parana-pesquisas-governador-senado-ceara-setembro-2026-2/;Paraná Pesquisas 23-25.set.2026: 46%. Coligação Unir Para Mudar (pt.wikipedia). DUVIDOSO: PL diz que a aliança é só local e não envolve Flávio. Ciro não apoia Flávio e ataca Bolsonaro (gazetadopovo.com.br/eleicoes/2026/pl-do-ceara-diz-que-alianca-com-ciro-gomes-nao-envolve-flavio-bolsonaro). Override aplicado só pela regra PL na coligação. Quaest 23.set: 43%.
governador;CE;Elmano de Freitas;PT;PT/PCdoB/PV/PSD/PSB/PSOL/Rede/PDT/MDB/Republicanos/Podemos/PRD/Solidariedade/Mobiliza;frente-ampla;frente-ampla;;sim;nao;https://www.gazetadopovo.com.br/eleicoes/2026/pesquisa-eleitoral-2026/parana-pesquisas-governador-senado-ceara-setembro-2026-2/;Paraná Pesquisas 23-25.set.2026: 42,2%. Coligação Ceará Forte do Lado Certo (pt.wikipedia). Quaest 23.set: 41%.
governador;DF;Celina Leão;PP;PP/União/Republicanos/MDB/Podemos/PL/DC/Mobiliza/Democrata/PRD/Solidariedade;centrao;extrema-direita;PL na coligação (Propósito e Ação), chapa com Michelle Bolsonaro e Bia Kicis (PL) ao Senado;nao;sim;https://www.gazetadopovo.com.br/eleicoes/2026/pesquisa-eleitoral-2026/datafolha-governador-senador-distrito-federal-setembro-2026-2/;Datafolha 22-24/set/2026: 37% (Quaest 19-22/set: 33%). Coligação: https://expressaobrasiliense.com/eleicoes-2026/celina-leao-registra-coligacao-proposito-e-acao-com-11-partidos-na-chapa/ . Após TSE barrar Arruda (24/set) o PSD-DF declarou apoio a Celina.
governador;DF;Leandro Grass;PT;PT/PCdoB/PV/PDT/Rede/PSOL;frente-ampla;frente-ampla;;sim;nao;https://www.gazetadopovo.com.br/eleicoes/2026/pesquisa-eleitoral-2026/datafolha-governador-senador-distrito-federal-setembro-2026-2/;Datafolha 22-24/set/2026: 21% (Quaest 19-22/set: 21%). Lula fez ato com Grass em Ceilândia 16/set. Lula tem palanque duplo no DF (também Ricardo Cappelli PSB, 2%). Coligação: https://sbtnews.sbt.com.br/noticia/politica/pt-pv-e-p-cdo-b-oficializam-leandro-grass-no-df
governador;DF;Arruda;PSD;PSD/Avante;centrao;centrao;;nao;nao;https://www.gazetadopovo.com.br/eleicoes/2026/pesquisa-eleitoral-2026/datafolha-governador-senador-distrito-federal-setembro-2026-2/;Datafolha 22-24/set/2026: 18% (cenário com Arruda). CASO DUVIDOSO: TSE confirmou indeferimento do registro em 24/set/2026 (5x2) e o PSD-DF passou a apoiar Celina, Arruda recusou apoiar Celina. Pode não estar mais na disputa. Coligação PSD/Avante conforme convenção (lista final não confirmada). Fonte TSE: https://www.correiobraziliense.com.br/cidades-df/2026/09/7509172-celina-espera-apoio-do-psd-apos-candidatura-de-arruda-ser-barrada.html
governador;DF;Paula Belmonte;PSDB;PSDB/Cidadania;direita-liberal;direita-liberal;;nao;nao;https://www.gazetadopovo.com.br/eleicoes/2026/pesquisa-eleitoral-2026/datafolha-governador-senador-distrito-federal-setembro-2026-2/;Datafolha 22-24/set/2026: 6% (Quaest 19-22/set: 5%). Federação PSDB-Cidadania. apoio nao inferido: Lula apoia Grass/Cappelli e PL está com Celina.
governador;ES;Ricardo Ferraço;MDB;MDB/Podemos/Agir/PSB/PDT/PSDB/Cidadania/União Brasil/PP;centrao;centrao;;nao;nao;https://www.gazetadopovo.com.br/eleicoes/2026/pesquisa-eleitoral-2026/quaest-governador-senador-espirito-santo-setembro-2026/;Quaest 21-24.set.2026 (pub. 25.set): 33%. Paraná Pesquisas 24.set: 38,3%. Governador em exercício. Apoiado por Casagrande (PSB) e Rede, mas PT tem candidato próprio (Helder), então sem apoio formal de Lula. Coligação Agora é o Futuro com vice Camillo Neves (PP) - fonte https://www.cnnbrasil.com.br/eleicoes/quem-sao-os-candidatos-ao-governo-do-espirito-santo-em-2026/
governador;ES;Lorenzo Pazolini;Republicanos;Republicanos/PL/Democrata;centrao;extrema-direita;PL na coligação e vice do PL, apoio declarado de Flávio Bolsonaro;nao;sim;https://www.agazeta.com.br/es/politica/em-palanque-com-flavio-bolsonaro-pazolini-defende-maguinha-malta-para-o-senado-0726;Quaest 21-24.set.2026: 31% (https://www.gazetadopovo.com.br/eleicoes/2026/pesquisa-eleitoral-2026/quaest-governador-senador-espirito-santo-setembro-2026/). Paraná Pesquisas 24.set: 40%. Vice Eliane Leal (PL). Aliança PL-Republicanos oficializada em 18.jul com Flávio Bolsonaro, que declarou apoio. Pazolini apoia Flávio a presidente.
governador;ES;Helder Salomão;PT;PT/PCdoB/PV;frente-ampla;frente-ampla;;sim;nao;https://pt.org.br/eleicoes-2026-conheca-o-mapa-do-time-de-lula-em-todo-o-pais/;Quaest 21-24.set.2026: 12%. Candidato oficial do time de Lula no ES. Coligação = Federação Brasil da Esperança. PSOL declarou apoio mas não confirmei se integra formalmente a coligação.
governador;GO;Daniel Vilela;MDB;MDB/PSD/Republicanos/Podemos/Avante/Mobiliza/Agir/DC/União/PP/PRD/Solidariedade;centrao;centrao;;nao;nao;https://www.gazetadopovo.com.br/eleicoes/2026/pesquisa-eleitoral-2026/quaest-governador-senador-goias-setembro-2026/;Quaest 20-23/set/2026: 42%. Candidato do grupo de Ronaldo Caiado (PSD, candidato a presidente). PL tem candidato próprio (Wilder), PT também (Bueno). Coligação: https://excelencianoticias.com.br/2026/08/07/eleicoes-2026-daniel-vilela-e-lancado-a-reeleicao-ao-governo-de-goias-com-apoio-de-12-partidos-e-227-prefeitos/
governador;GO;Marconi Perillo;PSDB;PSDB/Cidadania;direita-liberal;direita-liberal;;nao;nao;https://www.gazetadopovo.com.br/eleicoes/2026/pesquisa-eleitoral-2026/quaest-governador-senador-goias-setembro-2026/;Quaest 20-23/set/2026: 19%. Oficializado pela federação PSDB-Cidadania - não confirmei se há outros partidos na coligação. apoio nao inferido (Lula com Bueno, PL com Wilder).
governador;GO;Wilder Morais;PL;PL/Novo;extrema-direita;extrema-direita;;nao;sim;https://www.gazetadopovo.com.br/eleicoes/2026/pesquisa-eleitoral-2026/quaest-governador-senador-goias-setembro-2026/;Quaest 20-23/set/2026: 15%. Palanque de Flávio Bolsonaro em GO. Coligação PL/Novo: https://portal6.com.br/2026/08/04/veja-quais-foram-os-nomes-confirmados-pelo-pl-de-goias-para-as-eleicoes-de-2026/
governador;GO;Luis Cesar Bueno;PT;PT/PCdoB/PV/PSOL/Rede/PSB/PDT;frente-ampla;frente-ampla;;sim;nao;https://www.gazetadopovo.com.br/eleicoes/2026/pesquisa-eleitoral-2026/quaest-governador-senador-goias-setembro-2026/;Quaest 20-23/set/2026: 5%. Coligação Goiás Pode Mais, vice Carlos Mundim (PDT). Composição da coligação citada como Frente Democrática (lista final não confirmada no TSE): https://www.cnnbrasil.com.br/eleicoes/quem-e-luis-cesar-bueno-candidato-ao-governo-de-goias/
governador;MA;Eduardo Braide;PSD;PSD/Novo;centrao;centrao;;nao;nao;https://www.gazetadopovo.com.br/eleicoes/2026/pesquisa-eleitoral-2026/quaest-governador-senador-maranhao-setembro-2026/;Quaest 21-24.set.2026: 46%. Coligação Pra Transformar o Maranhão segundo pt.wikipedia, outra fonte cita Maranhão de Cara Nova com PSDB/Cidadania e União/PP. Neutro na eleição presidencial (ndmais.com.br). Chapa mista: Fufuca (apoiado por Lula) e Lahesio (bolsonarista).
governador;MA;Orleans Brandão;MDB;MDB/Republicanos/PDT/PRD/Solidariedade/Podemos;centrao;centrao;;?;nao;https://www.gazetadopovo.com.br/eleicoes/2026/pesquisa-eleitoral-2026/quaest-governador-senador-maranhao-setembro-2026/;Quaest 21-24.set.2026: 27%. Coligação Por Todo Maranhão (pt.wikipedia). DUVIDOSO: Lula aparece na campanha dele (oimparcial.com.br), mas o candidato oficial do PT é Felipe Camarão. PT fora da coligação. Sem override.
governador;MA;Felipe Camarão;PT;PT/PCdoB/PV/PSB/PSOL/Rede;frente-ampla;frente-ampla;;sim;nao;https://www.gazetadopovo.com.br/eleicoes/2026/pesquisa-eleitoral-2026/quaest-governador-senador-maranhao-setembro-2026/;Quaest 21-24.set.2026: 10%. Coligação Brasil Justo, Maranhão Grande (pt.wikipedia). Roberto Rocha (PRTB) ficou fora com 3% (Real Time 5-9.set: 5%).
governador;MG;Cleitinho;Republicanos;Republicanos/Podemos;centrao;extrema-direita;declarou apoio a Flávio Bolsonaro para presidente (bolsonarista declarado) - CASO DUVIDOSO;nao;nao;https://www.metropoles.com/minas-gerais/flavio-celebra-apoio-de-cleitinho-mas-diz-que-seu-candidato-e-roscoe;Datafolha 22-24.set.2026: 40% (https://ncnews.com.br/2026/09/24/datafolha-cleitinho-chega-a-40-em-minas-patrus-tem-15-e-kalil-9/). Real Time Big Data 28.set: 38%. Quaest 23.set: 37%. DÚVIDA: declarou apoio a Flávio no debate de 17.ago, mas o PL tem candidato próprio (Flávio Roscoe) e Flávio Bolsonaro diz que seu candidato em MG é Roscoe. Override aplicado pelo critério bolsonarista declarado - reverter para centrao se o critério exigir apoio formal do PL.
governador;MG;Patrus Ananias;PT;PT/PCdoB/PV/PSB/PSOL/Rede;frente-ampla;frente-ampla;;sim;nao;https://www.infomoney.com.br/politica/candidatos-governador-minas-gerais-2026/;Datafolha 22-24.set.2026: 15%. RTBD 28.set: 20%. Quaest 23.set: 16%. AtlasIntel 15-20.set: 31%. Candidato do time de Lula em MG, vice Jarbas Soares (PSB).
governador;MG;Kalil;PDT;PDT/PSDB/Cidadania;frente-ampla;frente-ampla;;nao;nao;https://www.infomoney.com.br/politica/candidatos-governador-minas-gerais-2026/;Datafolha 22-24.set.2026: 9%. RTBD 28.set: 9%. Quaest 23.set: 8%. Vice Carlos Mosconi (PSDB). PT tem candidato próprio (Patrus), logo sem apoio formal de Lula. Nome de urna exato não confirmado (Alexandre Kalil nas pesquisas).
governador;MG;Mateus Simões;PSD;PSD/União Brasil/PP/Novo/Avante/PRD/Solidariedade/Mobiliza/DC/Agir;centrao;centrao;;nao;nao;https://www.infomoney.com.br/politica/candidatos-governador-minas-gerais-2026/;Datafolha 22-24.set.2026: 5%. RTBD 28.set: 8%. Quaest 23.set: 7%. Governador em exercício (sucessor de Zema). PL tem candidato próprio (Roscoe) e PT tem Patrus. Posição presidencial não confirmada.
governador;MG;Flávio Roscoe;PL;PL;extrema-direita;extrema-direita;;nao;sim;https://www.metropoles.com/minas-gerais/flavio-celebra-apoio-de-cleitinho-mas-diz-que-seu-candidato-e-roscoe;Datafolha 22-24.set.2026: 5%. RTBD 28.set: 8%. Quaest 23.set: 5%. Candidatura isolada do PL, vice Ellen Miziara (PL). Flávio Bolsonaro: nosso candidato em Minas é Flávio Roscoe.
governador;MS;Eduardo Riedel;PP;PP/União/Republicanos/PL/PSDB/Cidadania/PSD/MDB/Podemos/Avante;centrao;extrema-direita;PL na coligação (Fazendo o Futuro Acontecer), palanque de Flávio Bolsonaro no estado;nao;sim;https://www.gazetadopovo.com.br/eleicoes/2026/pesquisa-eleitoral-2026/quaest-governador-senador-mato-grosso-do-sul-setembro-2026/;Quaest 21-24/set/2026: 51%. Coligação: https://www.capitalnews.com.br/politica-e-poder/politica/eduardo-riedel-registra-candidatura-a-reeleicao-ao-governo-de-mato-grosso-do-sul/444927 . Chapa com Azambuja e Contar (PL) ao Senado.
governador;MS;Fábio Trad;PT;PT/PCdoB/PV/PDT/PSB;frente-ampla;frente-ampla;;sim;nao;https://www.gazetadopovo.com.br/eleicoes/2026/pesquisa-eleitoral-2026/quaest-governador-senador-mato-grosso-do-sul-setembro-2026/;Quaest 21-24/set/2026: 12% (AtlasIntel ago-set: 26%). Coligação Por um MS do Povo: https://midiamax.com.br/politica/2026/fabio-trad-terceiro-registrar-candidatura-governo-mato-grosso-sul/
governador;MS;Delcídio Amaral;PRD;PRD/Solidariedade;centrao;centrao;;nao;nao;https://www.gazetadopovo.com.br/eleicoes/2026/pesquisa-eleitoral-2026/quaest-governador-senador-mato-grosso-do-sul-setembro-2026/;Quaest 21-24/set/2026: 6%. Federação Renovação Solidária. apoio nao inferido (Lula com Trad, PL com Riedel).
governador;MT;Otaviano Pivetta;Republicanos;Republicanos/União/PP/PSDB/Cidadania/Podemos;centrao;centrao;;nao;nao;https://www.gazetadopovo.com.br/eleicoes/2026/pesquisa-eleitoral-2026/quaest-governador-senador-mato-grosso-setembro-2026/;Quaest 21-24/set/2026: 29%. Coligação Mato Grosso Não Pode Parar (pt.wikipedia Eleições estaduais em MT 2026). Adversário do candidato do PL. Sem apoio presidencial formal confirmado.
governador;MT;Wellington Fagundes;PL;PL/Novo/MDB/PRD/Solidariedade;extrema-direita;extrema-direita;;nao;sim;https://www.gazetadopovo.com.br/eleicoes/2026/pesquisa-eleitoral-2026/quaest-governador-senador-mato-grosso-setembro-2026/;Quaest 21-24/set/2026: 27%. Flávio pediu votos para ele: https://www.midiajur.com.br/eleicoes-2026/pl-vai-recolocar-mato-grosso-nos-trilhos-diz-flavio-ao-pedir-votos-para-wellington/87262 . Coligação Coração da Gente.
governador;MT;Doutora Natasha;PSD;PSD/PT/PCdoB/PV/PSOL/Rede/PDT/PSB;centrao;frente-ampla;PT na coligação (Mato Grosso Para Todos), palanque de Lula no estado;sim;nao;https://www.gazetadopovo.com.br/eleicoes/2026/pesquisa-eleitoral-2026/quaest-governador-senador-mato-grosso-setembro-2026/;Quaest 21-24/set/2026: 11%. Natasha Slhessarenko declarou apoio a Lula. Coligação: https://circuitomt.com.br/favaro-e-taques-retomam-alianca-e-formam-dobradinha-ao-senado-em-palanque-de-lula/
governador;PA;Hana Ghassan;MDB;MDB/Republicanos/PSB/PSD/Avante/PSDB/Cidadania/PT/PCdoB/PV/União/PP;centrao;frente-ampla;PT na coligação (vice Dirceu Ten Caten-PT), palanque de Lula;sim;nao;https://www.cnnbrasil.com.br/eleicoes/real-time-big-data-no-pa-hana-soma-44-dr-daniel-tem-37-no-1o-turno/;Real Time Big Data 23-26/set: 44% (votos totais). AtlasIntel 5-10/set: 48,5%. Coligação conforme InfoMoney. Palanque Lula: https://pt.org.br/eleicoes-2026-conheca-o-mapa-do-time-de-lula-em-todo-o-pais/
governador;PA;Dr. Daniel;Podemos;Podemos/PL/DC/Novo/PRD/Solidariedade;centrao;extrema-direita;PL na coligação, palanque de Flávio Bolsonaro no estado;nao;sim;https://www.cnnbrasil.com.br/eleicoes/real-time-big-data-no-pa-hana-soma-44-dr-daniel-tem-37-no-1o-turno/;Real Time Big Data 23-26/set: 37%. Coligação O Pará é do povo (Podemos, PL, DC, Novo, Federação Renovação Solidária). Palanque de Flávio: https://www.cartacapital.com.br/politica/o-mapa-de-flavio-bolsonaro-onde-o-candidato-do-pl-tem-palanque-e-onde-nao-tem/ . Campanha evita nacionalizar
governador;PB;Lucas Ribeiro;PP;PP/União/PT/PCdoB/PV/PSB/Republicanos/Podemos/Mobiliza/Agir/Solidariedade/PRD;centrao;frente-ampla;PT na coligação Daqui pra Melhor - Lula pediu voto e PT o lista no time de Lula;sim;nao;https://www.gazetadopovo.com.br/eleicoes/2026/pesquisa-eleitoral-2026/quaest-governador-senador-paraiba-setembro-2026/;Quaest 18-21/set/2026: 49%. Coligação: https://paraibaonline.com.br/eleicoes/2026/09/12/lucas-ribeiro-promete-quatro-anos-de-transformacao/ - apoio Lula: https://pt.org.br/eleicoes-2026-conheca-o-mapa-do-time-de-lula-em-todo-o-pais/
governador;PB;Efraim Filho;PL;?;extrema-direita;extrema-direita;;nao;sim;https://www.gazetadopovo.com.br/eleicoes/2026/pesquisa-eleitoral-2026/quaest-governador-senador-paraiba-setembro-2026/;Quaest 18-21/set/2026: 16%. Convenção do PL com presença de Flávio Bolsonaro (https://www.portaldacapital.com/2026/08/02/com-presenca-de-flavio-bolsonaro-pl-homologa-efraim-filho-ao-governo-do-estado/). Demais partidos da coligação não confirmados
governador;PB;Cícero Lucena;MDB;MDB/PSD/DC;centrao;centrao;;nao;nao;https://www.gazetadopovo.com.br/eleicoes/2026/pesquisa-eleitoral-2026/quaest-governador-senador-paraiba-setembro-2026/;Quaest 18-21/set/2026: 15%. Coligação Juntos pela Paraíba (https://www.pbagora.com.br/noticia/politica/em-convencao-cicero-lucena-oficializa-chapa-com-diogo-cunha-lima-veneziano-e-andre-gadelha/). PT chegou a buscar palanque duplo com Cícero, mas oficializou Lucas e Lula pediu voto para Lucas - sem apoio formal de Lula
governador;PE;Raquel Lyra;PSD;PSD/PSDB/Cidadania/Podemos/Avante/União/PP;centrao;centrao;;nao;nao;https://www.gazetadopovo.com.br/eleicoes/2026/pesquisa-eleitoral-2026/quaest-governador-senador-pernambuco-setembro-2026-2/;Quaest 22-24/set/2026: 41%. Coligação Pernambuco de Coração (https://www.cnnbrasil.com.br/eleicoes/quem-e-raquel-lyra-candidata-a-reeleicao-ao-governo-de-pernambuco/). CASO A OBSERVAR: indicou que deve apoiar Lula mas se declara neutra, e PT apoia oficialmente João Campos (https://www.otempo.com.br/eleicoes/2026/presidentes/2026/8/6/raquel-lyra-do-partido-de-caiado-indica-que-deve-apoiar-lula-na-disputa-a-presidencia). Flávio gravou vídeo de solidariedade mas negou viés político. PL fora da coligação. Sem override
governador;PE;João Campos;PSB;PSB/PT/PCdoB/PV/PDT/Republicanos/MDB;frente-ampla;frente-ampla;;sim;nao;https://www.gazetadopovo.com.br/eleicoes/2026/pesquisa-eleitoral-2026/quaest-governador-senador-pernambuco-setembro-2026-2/;Quaest 22-24/set/2026: 39%. Coligação Frente Popular (https://www.brasildefato.com.br/2026/08/02/joao-campos-confirma-candidatura-ao-governo-prometendo-recuperar-protagonismo-de-pernambuco/ - fonte cita 10 partidos, 7 identificados). Time de Lula segundo PT
governador;PI;Rafael Fonteles;PT;PT/PCdoB/PV/MDB/PSD/PDT/Republicanos;frente-ampla;frente-ampla;;sim;nao;https://www.gazetadopovo.com.br/eleicoes/2026/pesquisa-eleitoral-2026/datafolha-governador-senador-piaui-setembro-2026/;Datafolha 14-16/set/2026: 55%. Coligação: https://somosnoticia.com.br/convencao-pt-piaui-rafael-fonteles-reeleicao/. AtlasIntel set/2026: 62,4%
governador;PI;Joel Rodrigues;PP;PP/União/PL;centrao;extrema-direita;PL na coligação - PL oficializou apoio;nao;sim;https://www.portalsaibamais.com.br/pl-oficializa-apoio-a-joel-rodrigues-e-confirma-chapa-ao-senado-com-ciro-nogueira-e-tiago-junqueira/;Datafolha 14-16/set/2026: 25% (https://www.gazetadopovo.com.br/eleicoes/2026/pesquisa-eleitoral-2026/datafolha-governador-senador-piaui-setembro-2026/). Bloco PP/União/PL confirmado em jul/2026, coligação final pode ter outros partidos
governador;PR;Sergio Moro;PL;PL/Novo/Podemos/DC;extrema-direita;extrema-direita;;nao;sim;https://www.gazetadopovo.com.br/eleicoes/2026/pesquisa-eleitoral-2026/parana-pesquisas-governador-parana-setembro-2026-3/;Parana Pesquisas 25-27.set.2026: 50,1% (votos validos). Quaest 20-23.set: 36%. Coligacao e vice Edson Vasconcelos (PL) confirmados em convencao do PL 1.ago (https://www.tribunapr.com.br/noticias/politica/pl-confirma-chapa-governo-parana-eleicao-2026/). Palanque de Flavio no PR.
governador;PR;Requião Filho;PDT;PDT/PT/PCdoB/PV/PSOL/Rede/Solidariedade/PRD;frente-ampla;frente-ampla;;sim;nao;https://www.gazetadopovo.com.br/eleicoes/2026/pesquisa-eleitoral-2026/parana-pesquisas-governador-parana-setembro-2026-3/;Parana Pesquisas 25-27.set.2026: 25,6% (votos validos). Quaest 20-23.set: 20%. Coligacao Parana para Todos (PDT + Fed. Brasil da Esperanca + Fed. PSOL-Rede + Fed. Renovacao Solidaria) com vice Michele Caputo (Solidariedade), PT na coligacao, evento com Lula em Curitiba (https://www.nsctotal.com.br/politica/eleicoes-2026-quem-e-requiao-filho-candidato-do-pdt-ao-governo-do-parana).
governador;PR;Sandro Alex;PSD;PSD/MDB/Republicanos/União Brasil/PP/PSDB/Cidadania;centrao;centrao;;nao;nao;https://www.gazetadopovo.com.br/eleicoes/2026/pesquisa-eleitoral-2026/parana-pesquisas-governador-parana-setembro-2026-3/;Parana Pesquisas 25-27.set.2026: 23,3% (votos validos). Quaest 20-23.set: 20%. Candidato de Ratinho Jr, vice Rafael Greca (MDB). Coligacao segundo imprensa (MDB, Republicanos, Uniao Progressista, fed. PSDB-Cidadania) - lista exata nao conferida no TSE. Grupo sem apoio declarado a Lula ou Flavio no 1o turno (https://www.esmaelmorais.com.br/ratinho-anuncia-cristina-graeml-senado-chapao-curi/).
governador;RJ;Eduardo Paes;PSD;PSD/PDT/MDB/DC/PSB/PSDB/Cidadania/PT/PCdoB/PV/PRD/Solidariedade;centrao;frente-ampla;PT na coligação, palanque de Lula no estado;sim;nao;https://www.gazetadopovo.com.br/eleicoes/2026/pesquisa-eleitoral-2026/datafolha-governador-senador-rio-de-janeiro-setembro-2026-2/;Datafolha 22-24.set.2026: 43% (cenário com Garotinho), 46% sem Garotinho. Vice Jane Reis (MDB). Coligação em https://www.infomoney.com.br/politica/candidatos-governador-rio-de-janeiro-2026/ e time de Lula em https://pt.org.br/eleicoes-2026-conheca-o-mapa-do-time-de-lula-em-todo-o-pais/
governador;RJ;Douglas Ruas;PL;PL/Avante/Agir/Mobiliza;extrema-direita;extrema-direita;;nao;sim;https://www.gazetadopovo.com.br/eleicoes/2026/pesquisa-eleitoral-2026/datafolha-governador-senador-rio-de-janeiro-setembro-2026-2/;Datafolha 22-24.set.2026: 30% (com Garotinho), 31% sem. Coligação em https://www.infomoney.com.br/politica/candidatos-governador-rio-de-janeiro-2026/. Candidato do PL.
governador;RJ;Garotinho;Republicanos;Republicanos/Democrata;centrao;centrao;;nao;nao;https://www.tre-rj.jus.br/comunicacao/noticias/2026/Setembro/tre-rj-indefere-registro-de-candidatura-de-anthony-garotinho-ao-governo-do-estado;Datafolha 22-24.set.2026: 8% no cenário com ele. Registro INDEFERIDO pelo TRE-RJ (set.2026), recorre ao TSE e mantém campanha. Lula apoia Paes e PL tem Ruas, então sem apoio formal de nenhum dos dois. Posição presidencial não confirmada.
governador;RN;Allyson Bezerra;União;União/PP/MDB/PSD/Republicanos/Solidariedade/PRD/Avante;centrao;centrao;;nao;nao;https://www.gazetadopovo.com.br/eleicoes/2026/pesquisa-eleitoral-2026/quaest-governador-senador-rio-grande-do-norte-setembro-2026/;Quaest 21-24/set/2026: 39%. Coligação Esperança e Trabalho (https://agorarn.com.br/ultimas/convencoes-oficializam-principais-chapas-rn/). Neutro na eleição presidencial (https://agorarn.com.br/ultimas/allyson-bezerra-diz-que-vai-manter-neutralidade-entre-lula-e-bolsonaro/), histórico próximo ao bolsonarismo, sem PT nem PL na coligação
governador;RN;Cadu de Lula;PT;PT/PV/PCdoB/PSB/PDT;frente-ampla;frente-ampla;;sim;nao;https://www.gazetadopovo.com.br/eleicoes/2026/pesquisa-eleitoral-2026/quaest-governador-senador-rio-grande-do-norte-setembro-2026/;Quaest 21-24/set/2026: 21%. Cadu Xavier, coligação Time que Cuida
governador;RN;Álvaro Dias;PL;PL/Podemos/PSDB/Cidadania/Novo;extrema-direita;extrema-direita;;nao;sim;https://www.gazetadopovo.com.br/eleicoes/2026/pesquisa-eleitoral-2026/quaest-governador-senador-rio-grande-do-norte-setembro-2026/;Quaest 21-24/set/2026: 18% (confirmado na Wikipédia - um resumo de busca citou 11%, desconsiderado). Coligação EnDireita RN
governador;RO;Marcos Rogério;PL;PL;extrema-direita;extrema-direita;;nao;sim;https://www.gazetadopovo.com.br/eleicoes/2026/pesquisa-eleitoral-2026/quaest-governador-senador-rondonia-setembro-2026/;Quaest 20-23/set: 37%. Vice Delegado Camargo. Coligação só PL segundo Agência Cenarium (não confirmado se há outros)
governador;RO;Adailton Fúria;PSD;PSD/Avante/PRD/Solidariedade;centrao;centrao;;nao;nao;https://www.gazetadopovo.com.br/eleicoes/2026/pesquisa-eleitoral-2026/quaest-governador-senador-rondonia-setembro-2026/;Quaest 20-23/set: 21%. Coligação Gente que gosta de gente (PSD, Avante, Federação Renovação Solidária), apoio do gov. Marcos Rocha
governador;RO;Hildon Chaves;União;União/PP/Republicanos;centrao;centrao;;nao;nao;https://www.gazetadopovo.com.br/eleicoes/2026/pesquisa-eleitoral-2026/quaest-governador-senador-rondonia-setembro-2026/;Quaest 20-23/set: 9%. Federação União Progressista, vice Cirone Deiró
governador;RO;Expedito Netto;PT;PT/PCdoB/PV/PSOL/Rede;frente-ampla;frente-ampla;;sim;nao;https://www.gazetadopovo.com.br/eleicoes/2026/pesquisa-eleitoral-2026/quaest-governador-senador-rondonia-setembro-2026/;Quaest 20-23/set: 6%. Candidato de Lula/PT, vice Dr. Luiz Teodoro (PSOL): https://pt.org.br/eleicoes-2026-conheca-o-mapa-do-time-de-lula-em-todo-o-pais/
governador;RR;Arthur Henrique;PL;PL/Novo;extrema-direita;extrema-direita;;nao;sim;https://www.gazetadopovo.com.br/eleicoes/2026/pesquisa-eleitoral-2026/quaest-governador-senador-roraima-setembro-2026/;Quaest divulgada 25/set: 57%. Palanque de Flávio em RR. Coligação Unidos por Roraima, vice Haroldo Cathedral (Novo)
governador;RR;Soldado Sampaio;Republicanos;Republicanos/Podemos/PSD/União/PP/Agir;centrao;centrao;;nao;nao;https://www.gazetadopovo.com.br/eleicoes/2026/pesquisa-eleitoral-2026/quaest-governador-senador-roraima-setembro-2026/;Quaest divulgada 25/set: 32%. Governador. Coligação Roraima Segue em Frente (pt.wikipedia). PT apoia Rosi Aires (PSOL) em RR
governador;RS;Zucco;PL;PL/Novo/PP/Republicanos/Podemos/DC/Democrata;extrema-direita;extrema-direita;;nao;sim;https://www.gazetadopovo.com.br/eleicoes/2026/pesquisa-eleitoral-2026/quaest-governador-senador-rio-grande-do-sul-setembro-2026/;Quaest 20-23.set.2026: 29%. Neokemp 23-24.set: 44,9%. Parana Pesquisas 16-18.set: 36,4%. Vice Silvana Covatti (PP). Coligacao conforme Portal Arauto (https://portalarauto.com.br/23-07-2026/convencao-do-pl-reafirma-uniao-da-direita-no-rio-grande-do-sul-em-torno-de-zucco-marcel-van-hattem-e-sanderson/) - sigla Democrata nao identificada com certeza.
governador;RS;Juliana Brizola;PDT;PDT/PT/PSB/PSOL/PCdoB/PV/Rede/Avante;frente-ampla;frente-ampla;;sim;nao;https://www.gazetadopovo.com.br/eleicoes/2026/pesquisa-eleitoral-2026/quaest-governador-senador-rio-grande-do-sul-setembro-2026/;Quaest 20-23.set.2026: 23%. Neokemp 23-24.set: 28,8%. Parana Pesquisas 16-18.set: 31,3%. PT na coligacao, vice Edegar Pretto (PT) - palanque de Lula no RS (https://www.brasildefato.com.br/2026/07/26/no-rs-pdt-oficializa-juliana-brizola-ao-governo-com-edegar-pretto-pt-vice/). Obs: Poder360 de agosto a colocava a frente, mas as pesquisas de setembro mostram Zucco a frente.
governador;RS;Gabriel Souza;MDB;MDB/PSD/PRD/Solidariedade/Agir;centrao;centrao;;nao;nao;https://www.gazetadopovo.com.br/eleicoes/2026/pesquisa-eleitoral-2026/quaest-governador-senador-rio-grande-do-sul-setembro-2026/;Quaest 20-23.set.2026: 10-11% (fonte ambigua). Neokemp 23-24.set: 15,7%. Parana Pesquisas 16-18.set: 12,9%. Candidato de Eduardo Leite, vice Ernani Polo (PSD), discurso contra polarizacao (https://www.oaltouruguai.com.br/noticia/mdb-oficializa-gabriel-souza-ao-governo-do-rs-e-germano-rigotto-ao-senado/). Uma fonte citou Uniao Brasil na coligacao, outra nao - mantida a lista do Alto Uruguai.
governador;SC;Jorginho Mello;PL;PL/Novo/Podemos/Republicanos/PSDB/Cidadania/DC/Avante/Agir;extrema-direita;extrema-direita;;nao;sim;https://www.gazetadopovo.com.br/eleicoes/2026/pesquisa-eleitoral-2026/quaest-goverador-santa-catarina-setembro-2026/;Quaest 20-23.set.2026: 54%. Parana Pesquisas 20-22.set: 58,8%. Vice Adriano Silva (Novo). Coligacao de 8 legendas (https://www.nsctotal.com.br/politica/eleicoes-2026-jorginho-mello-candidato-pl-governo-sc). Flavio disse que o unico candidato de direita em SC e Jorginho.
governador;SC;João Rodrigues;PSD;PSD/PP/União Brasil/MDB;centrao;centrao;;nao;nao;https://www.gazetadopovo.com.br/eleicoes/2026/pesquisa-eleitoral-2026/quaest-goverador-santa-catarina-setembro-2026/;Quaest 20-23.set.2026: 13%. Parana Pesquisas 20-22.set: 16,5%. Apoia Caiado (PSD) no 1o turno e disse que apoiara Flavio num eventual 2o turno - sem apoio formal de Bolsonaro/PL, que tem Jorginho (https://jornaldebrasilia.com.br/noticias/politica-e-poder/candidato-do-psd-de-kassab-em-sc-diz-que-apoiara-flavio-em-eventual-2o-turno-contra-lula/). Coligacao via https://www.nsctotal.com.br/politica/eleicoes-2026-quem-e-esperidiao-amin-candidato-do-pp-ao-senado-de-sc.
governador;SC;Gelson Merísio;PSB;PSB/PT/PCdoB/PV/PDT/PSOL/Rede;frente-ampla;frente-ampla;;sim;nao;https://www.gazetadopovo.com.br/eleicoes/2026/pesquisa-eleitoral-2026/quaest-goverador-santa-catarina-setembro-2026/;Quaest 20-23.set.2026: 10%. Parana Pesquisas 20-22.set: 11,3%. Vice Angela Albino (PDT), campanha Time do Lula em SC (https://ptsc.pt.org.br/noticias/campo-democratico/21330/2026-07-23-centro-esquerda-em-sc-oficializa-merisio-como-candidato-a-governador-e-decio-e-afranio-ao-senado).
governador;SE;Fábio;PSD;PSD/União/PP/PT/PCdoB/PV/PSB;centrao;frente-ampla;PT na coligação, palanque de Lula no estado;sim;nao;https://www.gazetadopovo.com.br/eleicoes/2026/pesquisa-eleitoral-2026/quaest-governador-senador-sergipe-setembro-2026/;Quaest 20-23.set.2026: 43%. Fábio Mitidieri, governador. Coligação Sergipe Cresce com Você (pt.wikipedia). Real Time 17-21.set: 43%.
governador;SE;Valmir de Francisquinho;Republicanos;Republicanos/Avante;centrao;centrao;;nao;?;https://www.gazetadopovo.com.br/eleicoes/2026/pesquisa-eleitoral-2026/quaest-governador-senador-sergipe-setembro-2026/;Quaest 20-23.set.2026: 34%. Coligação Muda Sergipe com a Força do Povo (pt.wikipedia). PL tem candidato próprio. Posição presidencial não confirmada.
governador;SE;Ricardo Marques;PL;PL/Podemos/Novo;extrema-direita;extrema-direita;;nao;sim;https://www.gazetadopovo.com.br/eleicoes/2026/pesquisa-eleitoral-2026/quaest-governador-senador-sergipe-setembro-2026/;Quaest 20-23.set.2026: 5% (Real Time 17-21.set: 10%). Coligação Fé e Coragem para Mudar (pt.wikipedia).
governador;SP;Tarcísio;Republicanos;Republicanos/PL/MDB/Democrata/Avante/PSD/PRD/Solidariedade/União Brasil/PP;centrao;extrema-direita;PL na coligação, palanque de Flávio Bolsonaro em SP;nao;sim;https://www.poder360.com.br/poder-eleicoes-2026/saiba-quem-sao-os-candidatos-ao-governo-de-sao-paulo-em-2026/;Datafolha 22-24.set.2026: 50% (https://www.dgabc.com.br/Noticia/4348958/datafolha-tarcisio-tem-50-e-haddad-30-na-disputa-do-primeiro-turno-ao-governo-de-sao-paulo). Quaest 19-22.set: 44%. PL na coligação. Ressalva: no horário eleitoral Tarcísio evita Flávio Bolsonaro, mas a chapa ao Senado (André do Prado e Derrite) foi lançada com Flávio.
governador;SP;Haddad;PT;PT/PDT/PSB/PCdoB/PV/PSOL/Rede;frente-ampla;frente-ampla;;sim;nao;https://www.dgabc.com.br/Noticia/4348958/datafolha-tarcisio-tem-50-e-haddad-30-na-disputa-do-primeiro-turno-ao-governo-de-sao-paulo;Datafolha 22-24.set.2026: 30%. Quaest 19-22.set: 27%. Vice Márcio França (PSB). Candidato do time de Lula.
governador;TO;Professora Dorinha;União;União/PP/Republicanos/PL/Podemos/PRD/Solidariedade;centrao;extrema-direita;PL na coligação, incluída na lista de palanques de Flávio Bolsonaro;nao;sim;https://www.gazetadopovo.com.br/eleicoes/2026/pesquisa-eleitoral-2026/real-time-big-data-governador-senador-tocantins-setembro-2026/;Real Time Big Data 21-24/set: 40% (44% válidos). Quaest 19-22/set: 42%. Coligação União pelo Tocantins (pt.wikipedia). Lista de Flávio: https://tocantins.jornalopcao.com.br/bastidores/lista-de-flavio-bolsonaro-inclui-dorinha-ao-governo-e-cita-eduardo-gomes-e-gaguim-para-o-senado-no-tocantins-582217/ . Mas Dorinha evita declarar apoio presidencial e Poder360 diz TO sem palanque competitivo - caso duvidoso
governador;TO;Vicentinho Júnior;PSDB;PSDB/Cidadania/MDB;direita-liberal;direita-liberal;;nao;nao;https://www.gazetadopovo.com.br/eleicoes/2026/pesquisa-eleitoral-2026/real-time-big-data-governador-senador-tocantins-setembro-2026/;Real Time Big Data 21-24/set: 33% (37% válidos). Coligação Pra Cima Tocantins, vice Amélio Cayres (MDB)
governador;TO;Laurez Moreira;PSD;PSD/PDT/PSB/PT/PCdoB/PV;centrao;frente-ampla;PT na coligação, palanque de Lula no estado;sim;nao;https://www.gazetadopovo.com.br/eleicoes/2026/pesquisa-eleitoral-2026/real-time-big-data-governador-senador-tocantins-setembro-2026/;Real Time Big Data 21-24/set: 7% (8% válidos). Quaest 19-22/set: 7%. Palanque de Lula: https://pt.org.br/eleicoes-2026-conheca-o-mapa-do-time-de-lula-em-todo-o-pais/
governador;TO;Ataídes Oliveira;Novo;Novo;direita-liberal;direita-liberal;;nao;?;https://exame.com/brasil/real-time-big-data-dorinha-tem-40-e-vicentinho-33-no-1o-turno-no-tocantins/;Real Time Big Data 21-24/set: 5% (6% válidos). Quaest 19-22/set: 3%. Partido isolado. Obs: Quaest 19-22/set deu 6% a Siqueira Campos Jr (Democrata), que na Real Time aparece com 2% - não incluído
senador;AC;Gladson Cameli;PP;PP/União/PL/MDB;centrao;extrema-direita;PL na coligação - PL oficializou Gladson e Bittar como chapa ao Senado de Mailza;nao;sim;https://folhadoacre.com.br/2026/09/pesquisa-quaest-mostra-gladson-com-19-bittar-com-14-mara-13-e-jorge-12-para-o-senado/;Quaest 25/set (2 votos consolidados): 19%. Real Time 21/set: 24%. PL oficializou: https://oriobranco.net/pl-oficializa-candidaturas-para-2026-no-acre-e-confirma-apoio-a-reeleicao-de-mailza-assis . Não consta na lista de 47 apoiados por Flávio e Poder360 o classifica como flutua - caso duvidoso
senador;AC;Marcio Bittar;PL;PP/União/PL/MDB;extrema-direita;extrema-direita;;nao;sim;https://folhadoacre.com.br/2026/09/pesquisa-quaest-mostra-gladson-com-19-bittar-com-14-mara-13-e-jorge-12-para-o-senado/;Quaest 25/set: 14%. Na lista de Flávio: https://www.gazetadopovo.com.br/eleicoes/2026/quem-sao-candidatos-senado-apoiados-flavio-bolsonaro/
senador;AC;Mara Rocha;Republicanos;Republicanos/Novo/PSD/Avante/DC/Democrata;centrao;extrema-direita;apoio formal de Flávio Bolsonaro (lista de 47 candidatos ao Senado);nao;sim;https://folhadoacre.com.br/2026/09/pesquisa-quaest-mostra-gladson-com-19-bittar-com-14-mara-13-e-jorge-12-para-o-senado/;Quaest 25/set: 13%. Chapa de Alan Rick. Lista de Flávio: https://www.gazetadopovo.com.br/eleicoes/2026/quem-sao-candidatos-senado-apoiados-flavio-bolsonaro/
senador;AC;Jorge Viana;PT;?;frente-ampla;frente-ampla;;sim;nao;https://folhadoacre.com.br/2026/09/pesquisa-quaest-mostra-gladson-com-19-bittar-com-14-mara-13-e-jorge-12-para-o-senado/;Quaest 25/set: 12%. Candidato de Lula/PT no AC (chapa de Thor Dantas-PSB): https://pt.org.br/eleicoes-2026-conheca-o-mapa-do-time-de-lula-em-todo-o-pais/ . Coligação exata não confirmada
senador;AC;Sérgio Petecão;PSD;Republicanos/Novo/PSD/Avante/DC/Democrata;centrao;centrao;;nao;?;https://folhadoacre.com.br/2026/09/pesquisa-quaest-mostra-gladson-com-19-bittar-com-14-mara-13-e-jorge-12-para-o-senado/;Quaest 25/set: 8%. Chapa de Alan Rick (bolsonarista), mas Petecão não está na lista de Flávio - sem override
senador;AL;Marina JHC;PSDB;?;direita-liberal;extrema-direita;Chapa de JHC anunciada por Flávio Bolsonaro, PL na aliança;nao;sim;https://www.cartacapital.com.br/politica/real-time-big-data-marina-jhc-renan-e-lira-empatam-pelo-senado-em-alagoas/;Real Time Big Data 21-24.set.2026: 23%. Coligação Alagoas Gigante II, partidos não confirmados. Anúncio de Flávio: jornaldealagoas.com.br/eleicoes/2026/08/07/1221. Mesma ressalva de JHC sobre distância do bolsonarismo.
senador;AL;Renan Calheiros;MDB;MDB/PT/PCdoB/PV/PSD/PSB/Agir;centrao;frente-ampla;PT na coligação, chapa de Renan Filho (palanque de Lula);sim;nao;https://www.cartacapital.com.br/politica/real-time-big-data-marina-jhc-renan-e-lira-empatam-pelo-senado-em-alagoas/;Real Time Big Data 21-24.set.2026: 22%. Mesma coligação de Renan Filho (pt.wikipedia).
senador;AL;Arthur Lira;PP;?;centrao;extrema-direita;Chapa de JHC anunciada por Flávio Bolsonaro, PL na aliança;nao;sim;https://www.cartacapital.com.br/politica/real-time-big-data-marina-jhc-renan-e-lira-empatam-pelo-senado-em-alagoas/;Real Time Big Data 21-24.set.2026: 20%. Coligação Alagoas Gigante II, partidos não confirmados. Paraná Pesquisas 18-20.set (votos totais): Lira 41,2%.
senador;AL;Davi Davino Filho;Republicanos;Republicanos;centrao;centrao;;?;?;https://www.cartacapital.com.br/politica/real-time-big-data-marina-jhc-renan-e-lira-empatam-pelo-senado-em-alagoas/;Real Time Big Data 21-24.set.2026: 17% (4º). Candidatura sem coligação (pt.wikipedia). Apoio presidencial não confirmado. Dr. Wanderley (MDB, chapa Renan) ficou fora: 6% na Real Time, mas 12,3% na Paraná Pesquisas 18-20.set (votos totais).
senador;AM;Eduardo Braga;MDB;PSD/MDB/PT/PCdoB/PV/Republicanos;centrao;frente-ampla;PT na coligação, candidato ao Senado do palanque de Lula;sim;nao;https://www.gazetadopovo.com.br/eleicoes/2026/pesquisa-eleitoral-2026/quaest-governador-senador-amazonas-setembro-2026/;Quaest 20-23/set (2 votos consolidados): 27%. Chapa de Omar Aziz. Apoio PT: https://pt.org.br/eleicoes-2026-conheca-o-mapa-do-time-de-lula-em-todo-o-pais/
senador;AM;Capitão Alberto Neto;PL;PL/Novo;extrema-direita;extrema-direita;;nao;sim;https://www.gazetadopovo.com.br/eleicoes/2026/pesquisa-eleitoral-2026/quaest-governador-senador-amazonas-setembro-2026/;Quaest 20-23/set: 17%. Na lista de Flávio
senador;AM;Plínio Valério;PSDB;PSDB/Cidadania;direita-liberal;direita-liberal;;nao;?;https://www.gazetadopovo.com.br/eleicoes/2026/pesquisa-eleitoral-2026/quaest-governador-senador-amazonas-setembro-2026/;Quaest 20-23/set: 14%. Candidatura da federação sem coligação majoritária. Senador de oposição a Lula, mas não está na lista de Flávio
senador;AM;Wilson Lima;União;União/PP/Podemos/PSB;centrao;centrao;;nao;nao;https://www.gazetadopovo.com.br/eleicoes/2026/pesquisa-eleitoral-2026/quaest-governador-senador-amazonas-setembro-2026/;Quaest 20-23/set: 13%. Ex-governador, chapa de Roberto Cidade (coligação União pelo Amazonas)
senador;AP;Rayssa Furlan;Podemos;PSD/PL/Podemos/Novo;centrao;extrema-direita;PL na coligação e apoio formal de Flávio Bolsonaro (lista de 47);nao;sim;https://www.gazetadopovo.com.br/eleicoes/2026/pesquisa-eleitoral-2026/quaest-governador-senador-amapa-setembro-2026/;Quaest 20-23/set (2 votos consolidados): 28%. Chapa de Dr Furlan: https://agazetadoamapa.com.br/amapa/psd-pl-novo-e-podemos-oficializam-dr-furlan-ao-governo-e-lancam-rayssa-furlan-e-lucas-barreto-ao-senado/
senador;AP;Randolfe Rodrigues;PT;União/PP/PT/PCdoB/PV/Rede/PSOL/PDT/Republicanos;frente-ampla;frente-ampla;;sim;nao;https://www.gazetadopovo.com.br/eleicoes/2026/pesquisa-eleitoral-2026/quaest-governador-senador-amapa-setembro-2026/;Quaest 20-23/set: 20%. Chapa de Clécio, apoio oficial de Lula
senador;AP;Lucas Barreto;PSD;PSD/PL/Podemos/Novo;centrao;extrema-direita;PL na coligação e apoio formal de Flávio Bolsonaro (lista de 47);nao;sim;https://www.gazetadopovo.com.br/eleicoes/2026/pesquisa-eleitoral-2026/quaest-governador-senador-amapa-setembro-2026/;Quaest 20-23/set: 19%. Chapa de Dr Furlan. Lista de Flávio: https://www.gazetadopovo.com.br/eleicoes/2026/quem-sao-candidatos-senado-apoiados-flavio-bolsonaro/
senador;AP;Alliny Serrão;União;União/PP/PT/PCdoB/PV/Rede/PSOL/PDT/Republicanos;centrao;frente-ampla;PT na coligação, dobradinha com Randolfe no palanque de Lula;sim;nao;https://www.gazetadopovo.com.br/eleicoes/2026/pesquisa-eleitoral-2026/quaest-governador-senador-amapa-setembro-2026/;Quaest 20-23/set: 11%. Apoio PT: https://pt.org.br/eleicoes-2026-conheca-o-mapa-do-time-de-lula-em-todo-o-pais/ (grafado Aline Serrão)
senador;AP;Acácio Favacho;MDB;MDB;centrao;centrao;;nao;nao;https://www.gazetadopovo.com.br/eleicoes/2026/pesquisa-eleitoral-2026/quaest-governador-senador-amapa-setembro-2026/;Quaest 20-23/set: 9%. Concorre sem coligação majoritária: https://conectamapa.com/sem-coligacoes-capiberibe-e-acacio-favacho-concorrem-por-fora-na-disputa-ao-senado-pelo-amapa/
senador;BA;Rui Costa;PT;PT/PCdoB/PV/MDB/PSD/PSB/Avante/PDT;frente-ampla;frente-ampla;;sim;nao;https://www.gazetadopovo.com.br/eleicoes/2026/pesquisa-eleitoral-2026/real-time-big-data-governador-senado-bahia-setembro-2026-2/;Real Time Big Data 23-26.set.2026: 28%. Coligação presumida igual à de Jerônimo (chapa governista).
senador;BA;Jaques Wagner;PT;PT/PCdoB/PV/MDB/PSD/PSB/Avante/PDT;frente-ampla;frente-ampla;;sim;nao;https://www.gazetadopovo.com.br/eleicoes/2026/pesquisa-eleitoral-2026/real-time-big-data-governador-senado-bahia-setembro-2026-2/;Real Time Big Data 23-26.set.2026: 20%. Coligação presumida igual à de Jerônimo (chapa governista).
senador;BA;João Roma;PL;União/PP/PSDB/Cidadania/Republicanos/Podemos/Novo/PL/PRD/Solidariedade/Mobiliza;extrema-direita;extrema-direita;;nao;sim;https://www.gazetadopovo.com.br/eleicoes/2026/pesquisa-eleitoral-2026/real-time-big-data-governador-senado-bahia-setembro-2026-2/;Real Time Big Data 23-26.set.2026: 17%. Chapa de ACM Neto, coligação presumida igual à do governador.
senador;BA;Angelo Coronel;Republicanos;União/PP/PSDB/Cidadania/Republicanos/Podemos/Novo/PL/PRD/Solidariedade/Mobiliza;centrao;extrema-direita;PL na coligação, apoiador declarado de Flávio Bolsonaro;nao;sim;https://www.gazetadopovo.com.br/eleicoes/2026/pesquisa-eleitoral-2026/real-time-big-data-governador-senado-bahia-setembro-2026-2/;Real Time Big Data 23-26.set.2026: 15%. Apoio a Flávio segundo jornalgrandebahia.com.br (2026/07). Professora Delliana (PSOL) ficou fora com 7%.
senador;CE;Cid Gomes;PSB;PT/PCdoB/PV/PSD/PSB/PSOL/Rede/PDT/MDB/Republicanos/Podemos/PRD/Solidariedade/Mobiliza;frente-ampla;frente-ampla;;sim;nao;https://www.metropoles.com/brasil/parana-pesquisas-cid-gomes-tem-453-capitao-wagner-45-ao-senado-no-ce;Paraná Pesquisas 23-25.set.2026: 45,3% (votos totais, 2 votos). Chapa de Elmano.
senador;CE;Capitão Wagner;União;PSDB/Cidadania/União/PP/PL/Avante/DC;centrao;extrema-direita;PL na coligação de Ciro, chapa de oposição com o PL;nao;sim;https://www.metropoles.com/brasil/parana-pesquisas-cid-gomes-tem-453-capitao-wagner-45-ao-senado-no-ce;Paraná Pesquisas 23-25.set.2026: 45%. Chapa de Ciro (Unir Para Mudar). Mesma ressalva de Ciro sobre a aliança com o PL ser local.
senador;CE;Luizianne Lins;Rede;PT/PCdoB/PV/PSD/PSB/PSOL/Rede/PDT/MDB/Republicanos/Podemos/PRD/Solidariedade/Mobiliza;frente-ampla;frente-ampla;;sim;nao;https://www.metropoles.com/brasil/parana-pesquisas-cid-gomes-tem-453-capitao-wagner-45-ao-senado-no-ce;Paraná Pesquisas 23-25.set.2026: 36,3%. Chapa de Elmano. Federação PSOL-Rede, partido do candidato Rede.
senador;CE;Alcides Fernandes;PL;PSDB/Cidadania/União/PP/PL/Avante/DC;extrema-direita;extrema-direita;;nao;sim;https://www.metropoles.com/brasil/parana-pesquisas-cid-gomes-tem-453-capitao-wagner-45-ao-senado-no-ce;Paraná Pesquisas 23-25.set.2026: 20,5%. Chapa de Ciro.
senador;DF;Michelle Bolsonaro;PL;PP/União/Republicanos/MDB/Podemos/PL/DC/Mobiliza/Democrata/PRD/Solidariedade;extrema-direita;extrema-direita;;nao;sim;https://www.gazetadopovo.com.br/eleicoes/2026/pesquisa-eleitoral-2026/datafolha-governador-senador-distrito-federal-setembro-2026-2/;Datafolha 22-24/set/2026: 22% (Quaest 19-22/set: 26%). Chapa de Celina Leão.
senador;DF;Leila do Vôlei;PDT;PT/PCdoB/PV/PDT/Rede/PSOL;frente-ampla;frente-ampla;;sim;nao;https://www.gazetadopovo.com.br/eleicoes/2026/pesquisa-eleitoral-2026/datafolha-governador-senador-distrito-federal-setembro-2026-2/;Datafolha 22-24/set/2026: 19%. Lula pediu voto casado Erika + Leila: https://www.correiobraziliense.com.br/cidades-df/2026/09/7502370-lula-defende-voto-casado-e-reforca-apoio-a-leandro-grass-e-candidatas-ao-senado.html
senador;DF;Bia Kicis;PL;PP/União/Republicanos/MDB/Podemos/PL/DC/Mobiliza/Democrata/PRD/Solidariedade;extrema-direita;extrema-direita;;nao;sim;https://www.gazetadopovo.com.br/eleicoes/2026/pesquisa-eleitoral-2026/datafolha-governador-senador-distrito-federal-setembro-2026-2/;Datafolha 22-24/set/2026: 15%. Chapa de Celina Leão.
senador;DF;Erika Kokay;PT;PT/PCdoB/PV/PDT/Rede/PSOL;frente-ampla;frente-ampla;;sim;nao;https://www.gazetadopovo.com.br/eleicoes/2026/pesquisa-eleitoral-2026/datafolha-governador-senador-distrito-federal-setembro-2026-2/;Datafolha 22-24/set/2026: 15%. Chapa de Leandro Grass, apoio de Lula.
senador;ES;Renato Casagrande;PSB;MDB/Podemos/Agir/PSB/PDT/PSDB/Cidadania/União Brasil/PP;frente-ampla;frente-ampla;;sim;nao;https://www.agazeta.com.br/es/politica/casagrande-tem-25-meneguelli-11-e-contarato-e-maguinha-9-para-o-senado-no-es-diz-quaest-0926;Quaest 21-24.set.2026 (estimulada, pub. 25.set): 25%. Integra o time de Lula no ES (PT orienta 2º voto nele) mas na chapa de Ferraço, com apoio contido a Lula. Coligação assumida = a de Ferraço.
senador;ES;Sergio Meneguelli;PSD;?;centrao;centrao;;?;?;https://www.agazeta.com.br/es/politica/casagrande-tem-25-meneguelli-11-e-contarato-e-maguinha-9-para-o-senado-no-es-diz-quaest-0926;Quaest 21-24.set.2026: 11%. PSD saiu do palanque de Pazolini e ficou sem vaga na chapa de Ferraço. Adiou para o 2º turno o apoio ao governo. Coligação e posição presidencial não confirmadas.
senador;ES;Fabiano Contarato;PT;PT/PCdoB/PV;frente-ampla;frente-ampla;;sim;nao;https://www.agazeta.com.br/es/politica/casagrande-tem-25-meneguelli-11-e-contarato-e-maguinha-9-para-o-senado-no-es-diz-quaest-0926;Quaest 21-24.set.2026: 9%. Time de Lula no ES. Candidatura homologada pela Federação Brasil da Esperança.
senador;ES;Maguinha Malta;PL;Republicanos/PL/Democrata;extrema-direita;extrema-direita;;nao;sim;https://www.agazeta.com.br/es/politica/casagrande-tem-25-meneguelli-11-e-contarato-e-maguinha-9-para-o-senado-no-es-diz-quaest-0926;Quaest 21-24.set.2026: 9%. Apoiada por Flávio Bolsonaro (https://www.gazetadopovo.com.br/eleicoes/2026/quem-sao-candidatos-senado-apoiados-flavio-bolsonaro/). Chapa de Pazolini. Fora do corte: Rose de Freitas (MDB) 7%, Evair de Melo (Republicanos, apoiado por Flávio) 6%.
senador;GO;Gracinha Caiado;União;MDB/PSD/Republicanos/Podemos/Avante/Mobiliza/Agir/DC/União/PP/PRD/Solidariedade;centrao;centrao;;nao;nao;https://www.gazetadopovo.com.br/eleicoes/2026/pesquisa-eleitoral-2026/quaest-governador-senador-goias-setembro-2026/;Quaest 20-23/set/2026: 21% (votos consolidados). Real Time Big Data 17-21/set: 23%. Chapa de Daniel Vilela.
senador;GO;Gustavo Gayer;PL;PL/Novo;extrema-direita;extrema-direita;;nao;sim;https://www.gazetadopovo.com.br/eleicoes/2026/pesquisa-eleitoral-2026/quaest-governador-senador-goias-setembro-2026/;Quaest 20-23/set/2026: 13% (consolidado). Real Time Big Data 17-21/set: 20%. Chapa de Wilder Morais.
senador;GO;Zacharias Calil;MDB;MDB/PSD/Republicanos/Podemos/Avante/Mobiliza/Agir/DC/União/PP/PRD/Solidariedade;centrao;centrao;;nao;nao;https://www.gazetadopovo.com.br/eleicoes/2026/pesquisa-eleitoral-2026/quaest-governador-senador-goias-setembro-2026/;Quaest 20-23/set/2026: 12% (consolidado). Coligação de Daniel Vilela (4 candidatos ao Senado na mesma coligação).
senador;GO;Vanderlan Cardoso;PSD;MDB/PSD/Republicanos/Podemos/Avante/Mobiliza/Agir/DC/União/PP/PRD/Solidariedade;centrao;centrao;;nao;nao;https://www.gazetadopovo.com.br/eleicoes/2026/pesquisa-eleitoral-2026/quaest-governador-senador-goias-setembro-2026/;Quaest 20-23/set/2026: 8% (consolidado). Coligação de Daniel Vilela.
senador;GO;Gustavo Mendanha;PRD;MDB/PSD/Republicanos/Podemos/Avante/Mobiliza/Agir/DC/União/PP/PRD/Solidariedade;centrao;centrao;;nao;nao;https://www.gazetadopovo.com.br/eleicoes/2026/pesquisa-eleitoral-2026/quaest-governador-senador-goias-setembro-2026/;Quaest 20-23/set/2026: 8% (consolidado). Coligação de Daniel Vilela.
senador;MA;Roseana Sarney;MDB;MDB/Republicanos/PDT/PRD/Solidariedade/Podemos;centrao;centrao;;?;nao;https://www.gazetadopovo.com.br/eleicoes/2026/pesquisa-eleitoral-2026/quaest-governador-senador-maranhao-setembro-2026/;Quaest 21-24.set.2026: 19%. Chapa de Orleans Brandão. DUVIDOSO: Poder360 a classifica como pró-Lula, mas Congresso em Foco lista apoio gravado de Lula só para Eliziane, Weverton e Fufuca. Apoio formal não confirmado, sem override.
senador;MA;André Fufuca;PP;?;centrao;frente-ampla;Lula gravou manifestação de apoio;sim;nao;https://www.congressoemfoco.com.br/noticia/121447/candidatos-aliados-se-dividem-em-tres-palanques-ao-senado-no-maranhao;Quaest 21-24.set.2026: 15% (gazetadopovo.com.br quaest-governador-senador-maranhao-setembro-2026). Chapa de Braide (neutro), com Lahesio bolsonarista. Ex-ministro do Esporte de Lula. Coligação não confirmada.
senador;MA;Lahesio Bonfim;Novo;?;direita-liberal;extrema-direita;Bolsonarista declarado, alinhado a Flávio Bolsonaro;nao;sim;https://oimparcial.com.br/colunas/raimundo-borges/qual-o-peso-de-lula-e-flavio-na-campanha-do-maranhao/;Quaest 21-24.set.2026: 12% (gazetadopovo.com.br quaest-governador-senador-maranhao-setembro-2026). Chapa de Braide, pediu votos para a direita (ndmais.com.br). apoio_bolsonaro = alinhamento declarado, apoio formal do PL não confirmado.
senador;MA;Weverton;PDT;MDB/Republicanos/PDT/PRD/Solidariedade/Podemos;frente-ampla;frente-ampla;;sim;nao;https://www.gazetadopovo.com.br/eleicoes/2026/pesquisa-eleitoral-2026/quaest-governador-senador-maranhao-setembro-2026/;Quaest 21-24.set.2026: 10%. Chapa de Orleans Brandão. Lula gravou apoio (congressoemfoco.com.br/noticia/121447). Nome de urna provável Weverton, não confirmado no TSE.
senador;MA;Eliziane Gama;PT;PT/PCdoB/PV/PSB/PSOL/Rede;frente-ampla;frente-ampla;;sim;nao;https://www.gazetadopovo.com.br/eleicoes/2026/pesquisa-eleitoral-2026/quaest-governador-senador-maranhao-setembro-2026/;Quaest 21-24.set.2026: 8%. Chapa de Felipe Camarão.
senador;MG;Marília Campos;PT;PT/PCdoB/PV/PSB/PSOL/Rede;frente-ampla;frente-ampla;;sim;nao;https://www.terra.com.br/noticias/brasil/politica/datafolhamg-marilia-tem-13-para-o-senado-aecio-e-viana-11-savio-9,4aadc166e124e14082856c1f6e56a7cbqlnutr5b.html;Datafolha 22-24.set.2026: 13%. Quaest 19-22.set: 13%. Time de Lula em MG. Coligação assumida = a de Patrus.
senador;MG;Aécio Neves;PSDB;PDT/PSDB/Cidadania;direita-liberal;direita-liberal;;?;?;https://www.terra.com.br/noticias/brasil/politica/datafolhamg-marilia-tem-13-para-o-senado-aecio-e-viana-11-savio-9,4aadc166e124e14082856c1f6e56a7cbqlnutr5b.html;Datafolha 22-24.set.2026: 11%. Quaest 19-22.set: 10%. Único candidato ao Senado na chapa de Kalil (PDT). Posição presidencial não confirmada. Nome de urna exato não confirmado.
senador;MG;Carlos Viana;PSD;PSD/União Brasil/PP/Novo/Avante/PRD/Solidariedade/Mobiliza/DC/Agir;centrao;extrema-direita;declarou apoio a Flávio Bolsonaro no 1º turno (27.set) - bolsonarista declarado;nao;nao;https://www.metropoles.com/minas-gerais/carlos-viana-deixa-caiado-e-apoia-flavio-no-1o-turno-o-morno-nao-serve;Datafolha 22-24.set.2026: 11%. Quaest 19-22.set: 10%. Na aliança de Mateus Simões. Rompeu com Caiado (PSD) e declarou apoio a Flávio em 27.set para derrotar o PT. Flávio apoia formalmente só Domingos Sávio em MG. Poder360 o tratava como flutua. CASO DUVIDOSO leve.
senador;MG;Domingos Sávio;PL;PL;extrema-direita;extrema-direita;;nao;sim;https://www.terra.com.br/noticias/brasil/politica/datafolhamg-marilia-tem-13-para-o-senado-aecio-e-viana-11-savio-9,4aadc166e124e14082856c1f6e56a7cbqlnutr5b.html;Datafolha 22-24.set.2026: 9%. Quaest 19-22.set: 10%. Único candidato ao Senado em MG apoiado por Flávio. Fora do corte: Marcelo Aro (PP) 6% no Datafolha (12% no RTBD 16-19.set).
senador;MS;Capitão Contar;PL;PP/União/Republicanos/PL/PSDB/Cidadania/PSD/MDB/Podemos/Avante;extrema-direita;extrema-direita;;nao;sim;https://www.gazetadopovo.com.br/eleicoes/2026/pesquisa-eleitoral-2026/quaest-governador-senador-mato-grosso-do-sul-setembro-2026/;Quaest 21-24/set/2026: 23% (consolidado). Chapa de Riedel.
senador;MS;Reinaldo Azambuja;PL;PP/União/Republicanos/PL/PSDB/Cidadania/PSD/MDB/Podemos/Avante;extrema-direita;extrema-direita;;nao;sim;https://www.gazetadopovo.com.br/eleicoes/2026/pesquisa-eleitoral-2026/quaest-governador-senador-mato-grosso-do-sul-setembro-2026/;Quaest 21-24/set/2026: 22% (consolidado). Chapa de Riedel.
senador;MS;Soraya Thronicke;PSB;PT/PCdoB/PV/PDT/PSB;frente-ampla;frente-ampla;;sim;nao;https://www.gazetadopovo.com.br/eleicoes/2026/pesquisa-eleitoral-2026/quaest-governador-senador-mato-grosso-do-sul-setembro-2026/;Quaest 21-24/set/2026: 10% (consolidado). Chapa de Fábio Trad com Vander Loubet: https://www.gazetadopovo.com.br/eleicoes/2026/mato-grosso-do-sul/psb-confirma-candidatura-de-soraya-thronicke-ao-senado-em-chapa-dominada-pelo-pt/
senador;MS;Vander Loubet;PT;PT/PCdoB/PV/PDT/PSB;frente-ampla;frente-ampla;;sim;nao;https://www.gazetadopovo.com.br/eleicoes/2026/pesquisa-eleitoral-2026/quaest-governador-senador-mato-grosso-do-sul-setembro-2026/;Quaest 21-24/set/2026: 8% (consolidado). Chapa de Fábio Trad.
senador;MT;Mauro Mendes;União;Republicanos/União/PP/PSDB/Cidadania/Podemos;centrao;centrao;;nao;?;https://www.gazetadopovo.com.br/eleicoes/2026/pesquisa-eleitoral-2026/quaest-governador-senador-mato-grosso-setembro-2026/;Quaest 21-24/set/2026: 27% (consolidado, reduzido a 100%). Paraná Pesquisas 15-17/set: 52,3%. CASO DUVIDOSO: sem apoio formal do PL (PL tem Zé Medeiros na chapa rival), mas Mendes sinalizou inclinação a Flávio Bolsonaro, e antes a Caiado. Não declarado bolsonarista - sem override. https://www.olhardireto.com.br/noticias/apesar-de-amizade-com-caiado-mauro-mendes-sinaliza-apoio-a-flavio-bolsonaro-e-aponta-tendencia-da-direita-em-mt
senador;MT;Janaina Riva;MDB;PL/Novo/MDB/PRD/Solidariedade;centrao;extrema-direita;PL na coligação (Coração da Gente) com Wellington Fagundes, declarou apoio a Flávio Bolsonaro;nao;sim;https://www.gazetadopovo.com.br/eleicoes/2026/pesquisa-eleitoral-2026/quaest-governador-senador-mato-grosso-setembro-2026/;Quaest 21-24/set/2026: 19% (consolidado). Paraná Pesquisas 15-17/set: 32,4%. DIVERGE DO PODER360 (que a marcou pró-Lula): rompeu com o PT e apoia Flávio, dobradinha com Zé Medeiros (PL): https://jovempan.com.br/colunistas/bruno-pinheiro/janaina-riva-rompe-com-o-pt-e-puxa-o-mdb-de-mt-para-o-campo-de-flavio-bolsonaro/ . Ressalva: apareceu em ato de Fávaro (aliado de Lula) em 1/set, gerando atrito no PL, mas negou pedir votos para ele.
senador;MT;Pedro Taques;PSB;PSD/PT/PCdoB/PV/PSOL/Rede/PDT/PSB;frente-ampla;frente-ampla;;sim;nao;https://www.gazetadopovo.com.br/eleicoes/2026/pesquisa-eleitoral-2026/quaest-governador-senador-mato-grosso-setembro-2026/;Quaest 21-24/set/2026: 9% (consolidado). Dobradinha com Fávaro no palanque de Lula: https://circuitomt.com.br/favaro-e-taques-retomam-alianca-e-formam-dobradinha-ao-senado-em-palanque-de-lula/
senador;MT;Zé Medeiros;PL;PL/Novo/MDB/PRD/Solidariedade;extrema-direita;extrema-direita;;nao;sim;https://www.gazetadopovo.com.br/eleicoes/2026/pesquisa-eleitoral-2026/quaest-governador-senador-mato-grosso-setembro-2026/;Quaest 21-24/set/2026: 9% (consolidado). Paraná Pesquisas 15-17/set: 23,1%. Homologado com bênção de Jair e Flávio Bolsonaro.
senador;MT;Fávaro;PSD;PSD/PT/PCdoB/PV/PSOL/Rede/PDT/PSB;centrao;frente-ampla;PT na coligação (Mato Grosso Para Todos), dobradinha no palanque de Lula;sim;nao;https://www.gazetadopovo.com.br/eleicoes/2026/pesquisa-eleitoral-2026/quaest-governador-senador-mato-grosso-setembro-2026/;Quaest 21-24/set/2026: 8% (consolidado). Nome completo Carlos Fávaro.
senador;PA;Helder;MDB;MDB/Republicanos/PSB/PSD/Avante/PSDB/Cidadania/PT/PCdoB/PV/União/PP;centrao;frente-ampla;PT na coligação, candidato ao Senado do palanque de Lula;sim;nao;https://www.gazetadopovo.com.br/eleicoes/2026/pesquisa-eleitoral-2026/real-time-big-data-governador-senado-para-setembro-2026-2/;Real Time Big Data 23-26/set (2 votos consolidados): 36%. Helder Barbalho, ex-governador. Apoio PT: https://pt.org.br/eleicoes-2026-conheca-o-mapa-do-time-de-lula-em-todo-o-pais/
senador;PA;Delegado Éder Mauro;PL;Podemos/PL/DC/Novo/PRD/Solidariedade;extrema-direita;extrema-direita;;nao;sim;https://www.gazetadopovo.com.br/eleicoes/2026/pesquisa-eleitoral-2026/real-time-big-data-governador-senado-para-setembro-2026-2/;Real Time Big Data 23-26/set: 16%. Na lista de Flávio. Coligação presumida = chapa de Dr. Daniel (não confirmado)
senador;PA;Chicão;União;MDB/Republicanos/PSB/PSD/Avante/PSDB/Cidadania/PT/PCdoB/PV/União/PP;centrao;frente-ampla;PT na coligação, dobradinha com Helder no palanque de Lula;sim;nao;https://www.gazetadopovo.com.br/eleicoes/2026/pesquisa-eleitoral-2026/real-time-big-data-governador-senado-para-setembro-2026-2/;Real Time Big Data 23-26/set: 16%. Presidente da Alepa e do União-PA (site do PT o grafa como MDB). Apoio PT: https://pt.org.br/eleicoes-2026-conheca-o-mapa-do-time-de-lula-em-todo-o-pais/
senador;PA;Zequinha Marinho;Podemos;Podemos/PL/DC/Novo/PRD/Solidariedade;centrao;extrema-direita;apoio formal de Flávio Bolsonaro (lista de 47), chapa com PL;nao;sim;https://www.gazetadopovo.com.br/eleicoes/2026/pesquisa-eleitoral-2026/real-time-big-data-governador-senado-para-setembro-2026-2/;Real Time Big Data 23-26/set: 13%. Lista de Flávio: https://www.gazetadopovo.com.br/eleicoes/2026/quem-sao-candidatos-senado-apoiados-flavio-bolsonaro/
senador;PA;Celso Sabino;PDT;?;frente-ampla;frente-ampla;;?;nao;https://www.gazetadopovo.com.br/eleicoes/2026/pesquisa-eleitoral-2026/real-time-big-data-governador-senado-para-setembro-2026-2/;Real Time Big Data 23-26/set: 10%. Ex-ministro do Turismo de Lula, mas a chapa oficial do PT no PA é Helder e Chicão e o próprio presidente do PDT-PA pede voto nos dois: https://estadodoparaonline.com/presidente-do-pdt-no-para-pede-votos-para-chicao-e-helder-apesar-de-partido-ter-lancado-celso-sabino-ao-senado/ . Coligação não confirmada
senador;PB;João Azevêdo;PSB;PP/União/PT/PCdoB/PV/PSB/Republicanos/Podemos/Mobiliza/Agir/Solidariedade/PRD;frente-ampla;frente-ampla;;sim;nao;https://www.gazetadopovo.com.br/eleicoes/2026/pesquisa-eleitoral-2026/quaest-governador-senador-paraiba-setembro-2026/;Quaest 18-21/set/2026: 28% (cenário estimulado). Candidato de Lula segundo PT (https://www.congressoemfoco.com.br/noticia/121445/apoios-de-lula-embaralham-eleicao-ao-senado-na-paraiba)
senador;PB;Veneziano Vital do Rêgo;MDB;MDB/PSD/DC;centrao;frente-ampla;Lula e PT declararam apoio oficial - time de Lula na PB;sim;nao;https://www.congressoemfoco.com.br/noticia/121445/apoios-de-lula-embaralham-eleicao-ao-senado-na-paraiba;Quaest 18-21/set/2026: 18% (Gazeta do Povo). Está na chapa de Cícero Lucena (MDB/PSD/DC), adversária do governador apoiado por Lula, mas PT nacional e Lula o mantêm como candidato de Lula ao Senado junto com João Azevêdo
senador;PB;Nabor Wanderley;Republicanos;PP/União/PT/PCdoB/PV/PSB/Republicanos/Podemos/Mobiliza/Agir/Solidariedade/PRD;centrao;centrao;;?;nao;https://www.gazetadopovo.com.br/eleicoes/2026/pesquisa-eleitoral-2026/quaest-governador-senador-paraiba-setembro-2026/;Quaest 18-21/set/2026: 12%. CASO DUVIDOSO: está na chapa Daqui pra Melhor (PT na coligação) ao lado de João Azevêdo, mas Lula/PT declaram Veneziano e João como seus senadores - ata do PT-PB chegou a indicar Nabor e depois reafirmou Veneziano (https://www.blogdobgpb.com.br/2026/08/07/divergencias-pt-da-paraiba-reafirma-voto-em-veneziano-apos-ata-indicar-apoio-a-nabor-wanderley/). Sem override
senador;PB;Marcelo Queiroga;PL;?;extrema-direita;extrema-direita;;nao;sim;https://www.gazetadopovo.com.br/eleicoes/2026/pesquisa-eleitoral-2026/quaest-governador-senador-paraiba-setembro-2026/;Quaest 18-21/set/2026: 7% (4º lugar). Nome do PL ao Senado na chapa de Efraim Filho (https://www.portaldacapital.com/2026/08/02/com-presenca-de-flavio-bolsonaro-pl-homologa-efraim-filho-ao-governo-do-estado/). Coligação não confirmada
senador;PE;Marília Arraes;PDT;PSB/PT/PCdoB/PV/PDT/Republicanos/MDB;frente-ampla;frente-ampla;;sim;nao;https://www.gazetadopovo.com.br/eleicoes/2026/pesquisa-eleitoral-2026/quaest-governador-senador-pernambuco-setembro-2026-2/;Quaest 22-24/set/2026: 18%. Chapa de João Campos, time de Lula (https://pt.org.br/eleicoes-2026-conheca-o-mapa-do-time-de-lula-em-todo-o-pais/)
senador;PE;Humberto Costa;PT;PSB/PT/PCdoB/PV/PDT/Republicanos/MDB;frente-ampla;frente-ampla;;sim;nao;https://www.gazetadopovo.com.br/eleicoes/2026/pesquisa-eleitoral-2026/quaest-governador-senador-pernambuco-setembro-2026-2/;Quaest 22-24/set/2026: 14%. Chapa de João Campos, time de Lula
senador;PE;Mendonça Filho;PL;PL/Novo;extrema-direita;extrema-direita;;nao;sim;https://www.gazetadopovo.com.br/eleicoes/2026/pesquisa-eleitoral-2026/quaest-governador-senador-pernambuco-setembro-2026-2/;Quaest 22-24/set/2026: 10%. Palanque de Flávio Bolsonaro em PE, apoio oficial do Novo (https://www.pe360.com.br/noticia/5323/ribeirao/politica/novo-oficializa-apoio-a-mendonca-filho-ao-senado-em-pernambuco.html). Aliado de Raquel Lyra mas fora da chapa oficial dela. Coligação formal PL/Novo não confirmada (Novo declarou apoio)
senador;PE;Eduardo da Fonte;PP;PSD/PSDB/Cidadania/Podemos/Avante/União/PP;centrao;centrao;;nao;?;https://www.gazetadopovo.com.br/eleicoes/2026/pesquisa-eleitoral-2026/quaest-governador-senador-pernambuco-setembro-2026-2/;Quaest 22-24/set/2026: 8%. Chapa oficial de Raquel Lyra com Túlio Gadêlha (https://www.cnnbrasil.com.br/eleicoes/quem-e-eduardo-da-fonte-candidato-ao-senado-por-pernambuco/). Posição presidencial não confirmada. Túlio Gadêlha (PSD) teve 4% e ficou em 5º - excluído
senador;PI;Ciro Nogueira;PP;PP/União/PL;centrao;extrema-direita;PL na coligação - chapa ao Senado com Tiago Junqueira (PL);nao;sim;https://www.gazetadopovo.com.br/eleicoes/2026/pesquisa-eleitoral-2026/datafolha-governador-senador-piaui-setembro-2026/;Datafolha 14-16/set/2026: 17%. CASO DUVIDOSO: PL está na coligação e na chapa, mas Flávio declarou apoio apenas a Tiago Junqueira no PI (https://www.congressoemfoco.com.br/noticia/121094/flavio-apoia-47-candidatos-de-nove-partidos-ao-senado-veja-a-lista) e PP evita apoio nacional a Flávio. Ex-ministro de Bolsonaro. Override aplicado pela regra PL na coligação
senador;PI;Marcelo Castro;MDB;PT/PCdoB/PV/MDB/PSD/PDT/Republicanos;centrao;frente-ampla;PT na coligação - chapa de Rafael Fonteles, time de Lula;sim;nao;https://www.gazetadopovo.com.br/eleicoes/2026/pesquisa-eleitoral-2026/datafolha-governador-senador-piaui-setembro-2026/;Datafolha 14-16/set/2026: 17%. Time de Lula: https://pt.org.br/eleicoes-2026-conheca-o-mapa-do-time-de-lula-em-todo-o-pais/
senador;PI;Júlio César;PSD;PT/PCdoB/PV/MDB/PSD/PDT/Republicanos;centrao;frente-ampla;PT na coligação - chapa de Rafael Fonteles, time de Lula;sim;nao;https://www.gazetadopovo.com.br/eleicoes/2026/pesquisa-eleitoral-2026/datafolha-governador-senador-piaui-setembro-2026/;Datafolha 14-16/set/2026: 15%. Time de Lula: https://pt.org.br/eleicoes-2026-conheca-o-mapa-do-time-de-lula-em-todo-o-pais/
senador;PI;Tiago Junqueira;PL;PP/União/PL;extrema-direita;extrema-direita;;nao;sim;https://www.gazetadopovo.com.br/eleicoes/2026/pesquisa-eleitoral-2026/datafolha-governador-senador-piaui-setembro-2026/;Datafolha 14-16/set/2026: 4% (4º lugar). Candidato apoiado por Flávio Bolsonaro no PI. Nome também grafado Thiago Junqueira
senador;PR;Alexandre Curi;Republicanos;PSD/MDB/Republicanos/União Brasil/PP/PSDB/Cidadania;centrao;centrao;;nao;nao;https://www.gazetadopovo.com.br/eleicoes/2026/pesquisa-eleitoral-2026/quaest-senador-parana-setembro-2026/;Quaest 20-23.set.2026: 14% (estimulada, 1o e 2o voto consolidados). Neokemp 22-23.set: 27,5% (soma dos 2 votos). Chapa de Sandro Alex/Ratinho Jr, sem apoio declarado a Lula ou Flavio. PL tem candidatos proprios (Filipe e Deltan).
senador;PR;Deltan Dallagnol;Novo;PL/Novo/Podemos/DC;direita-liberal;extrema-direita;Candidato oficial ao Senado da coligacao do PL de Moro - palanque de Flavio no PR;nao;sim;https://www.gazetadopovo.com.br/eleicoes/2026/pesquisa-eleitoral-2026/quaest-senador-parana-setembro-2026/;Quaest 20-23.set.2026: 11%. Neokemp 22-23.set: 50,8% (soma dos 2 votos). Parana Pesquisas 15-17.set: 31,6%. Confirmado na convencao do PL em 1.ago (https://www.tribunapr.com.br/noticias/politica/pl-confirma-chapa-governo-parana-eleicao-2026/).
senador;PR;Filipe Barros;PL;PL/Novo/Podemos/DC;extrema-direita;extrema-direita;;nao;sim;https://www.gazetadopovo.com.br/eleicoes/2026/pesquisa-eleitoral-2026/quaest-senador-parana-setembro-2026/;Quaest 20-23.set.2026: 11%. Neokemp 22-23.set: 35,4% (soma dos 2 votos). Parana Pesquisas 15-17.set: 26,3%.
senador;PR;Gleisi;PT;PDT/PT/PCdoB/PV/PSOL/Rede/Solidariedade/PRD;frente-ampla;frente-ampla;;sim;nao;https://www.gazetadopovo.com.br/eleicoes/2026/pesquisa-eleitoral-2026/quaest-senador-parana-setembro-2026/;Quaest 20-23.set.2026: 10%. Neokemp 22-23.set: 30,9% (soma dos 2 votos). Parana Pesquisas 15-17.set: 25,9%. Chapa de Requiao Filho. Fora do escopo por ter <8% na Quaest: Dr Rosinha (PT) 5% e Cristina Graeml (PSD) 5%.
senador;RJ;Benedita da Silva;PT;PSD/PDT/MDB/DC/PSB/PSDB/Cidadania/PT/PCdoB/PV/PRD/Solidariedade;frente-ampla;frente-ampla;;sim;nao;https://www.gazetadopovo.com.br/eleicoes/2026/pesquisa-eleitoral-2026/datafolha-governador-senador-rio-de-janeiro-setembro-2026-2/;Datafolha 22-24.set.2026 (1º e 2º votos somados): 19%. Paraná Pesquisas 20-22.set: 32%. Time de Lula no RJ. Coligação assumida = a de Paes.
senador;RJ;Carlos Portinho;PL;PL/Avante/Agir/Mobiliza;extrema-direita;extrema-direita;;nao;sim;https://www.gazetadopovo.com.br/eleicoes/2026/pesquisa-eleitoral-2026/datafolha-governador-senador-rio-de-janeiro-setembro-2026-2/;Datafolha 22-24.set.2026: 12%. Paraná Pesquisas 20-22.set: 16,2%. Apoiado por Flávio. Coligação assumida = a de Ruas.
senador;RJ;Carlos Jordy;PL;PL/Avante/Agir/Mobiliza;extrema-direita;extrema-direita;;nao;sim;https://www.gazetadopovo.com.br/eleicoes/2026/pesquisa-eleitoral-2026/datafolha-governador-senador-rio-de-janeiro-setembro-2026-2/;Datafolha 22-24.set.2026: 12%. Paraná Pesquisas 20-22.set: 16,8%. Apoiado por Flávio. Coligação assumida = a de Ruas.
senador;RJ;Pedro Paulo;PSD;PSD/PDT/MDB/DC/PSB/PSDB/Cidadania/PT/PCdoB/PV/PRD/Solidariedade;centrao;frente-ampla;na chapa de Paes com PT na coligação, integra o time de Lula no RJ;sim;nao;https://pt.org.br/eleicoes-2026-conheca-o-mapa-do-time-de-lula-em-todo-o-pais/;Datafolha 22-24.set.2026: 9%. Paraná Pesquisas 20-22.set: 17,3%. Fora do corte: Marcelo Crivella (Republicanos) 7% no Datafolha (19,5% no Paraná Pesquisas 20-22.set, 2º lugar) e Monica Benício (PSOL) 6%.
senador;RN;Styvenson Valentim;Podemos;PL/Podemos/PSDB/Cidadania/Novo;centrao;extrema-direita;PL na coligação - chapa de Álvaro Dias (PL) e apoio declarado de Flávio Bolsonaro;nao;sim;https://www.congressoemfoco.com.br/noticia/121499/zenaide-maia-e-styvenson-valentim-buscam-reeleicao-ao-senado-em-rn;Quaest 21-24/set/2026: 19% (Gazeta do Povo). Poder360 o classificou como flutua, mas está na chapa EnDireita RN e na lista de Flávio (https://www.congressoemfoco.com.br/noticia/121094/flavio-apoia-47-candidatos-de-nove-partidos-ao-senado-veja-a-lista)
senador;RN;Zenaide Maia;PSD;União/PP/MDB/PSD/Republicanos/Solidariedade/PRD/Avante;centrao;centrao;;?;nao;https://www.gazetadopovo.com.br/eleicoes/2026/pesquisa-eleitoral-2026/quaest-governador-senador-rio-grande-do-norte-setembro-2026/;Quaest 21-24/set/2026: 12%. CASO DUVIDOSO: Poder360 a trata como pró-Lula, mas está na chapa de Allyson (neutro) e o time oficial de Lula no RN ao Senado é Samanda Alves e Rafael Motta. Sem apoio formal de Lula encontrado - sem override
senador;RN;Samanda de Lula;PT;PT/PV/PCdoB/PSB/PDT;frente-ampla;frente-ampla;;sim;nao;https://www.gazetadopovo.com.br/eleicoes/2026/pesquisa-eleitoral-2026/quaest-governador-senador-rio-grande-do-norte-setembro-2026/;Quaest 21-24/set/2026: 9% (empate em 3º). Samanda Alves, time de Lula
senador;RN;Coronel Hélio;PL;PL/Podemos/PSDB/Cidadania/Novo;extrema-direita;extrema-direita;;nao;sim;https://www.gazetadopovo.com.br/eleicoes/2026/pesquisa-eleitoral-2026/quaest-governador-senador-rio-grande-do-norte-setembro-2026/;Quaest 21-24/set/2026: 9% (empate em 3º). Chapa de Álvaro Dias. Rafael Motta (PDT, time de Lula) teve 7% e ficou em 5º - excluído
senador;RO;Dr. Fernando Máximo;PL;PL;extrema-direita;extrema-direita;;nao;sim;https://www.gazetadopovo.com.br/eleicoes/2026/pesquisa-eleitoral-2026/quaest-governador-senador-rondonia-setembro-2026/;Quaest 20-23/set (2 votos consolidados): 18%. Chapa de Marcos Rogério, na lista de Flávio
senador;RO;Sílvia Cristina;PP;União/PP/Republicanos;centrao;centrao;;nao;nao;https://www.gazetadopovo.com.br/eleicoes/2026/pesquisa-eleitoral-2026/quaest-governador-senador-rondonia-setembro-2026/;Quaest 20-23/set: 16%. Chapa de Hildon Chaves (União Progressista). Poder360 a classifica como oposição a Lula, mas sem apoio formal de Flávio/PL
senador;RO;Mariana Carvalho;Republicanos;União/PP/Republicanos;centrao;centrao;;nao;nao;https://www.gazetadopovo.com.br/eleicoes/2026/pesquisa-eleitoral-2026/quaest-governador-senador-rondonia-setembro-2026/;Quaest 20-23/set: 11%. Chapa de Hildon Chaves. Partido segundo Quaest/Gazeta
senador;RO;Bruno Bolsonaro Scheid;PL;PL;extrema-direita;extrema-direita;;nao;sim;https://www.gazetadopovo.com.br/eleicoes/2026/pesquisa-eleitoral-2026/quaest-governador-senador-rondonia-setembro-2026/;Quaest 20-23/set: 8%. Chapa de Marcos Rogério, na lista de Flávio
senador;RR;Teresa Surita;MDB;MDB/PDT;centrao;centrao;;?;nao;https://www.gazetadopovo.com.br/eleicoes/2026/pesquisa-eleitoral-2026/quaest-governador-senador-roraima-setembro-2026/;Quaest divulgada 25/set (2 votos consolidados): 22%. Coligação Roraima em Primeiro Lugar. Poder360 a marca como pró-Lula, mas PT-RR apoia oficialmente Hiperion Oliveira (PV) ao Senado - sem apoio formal confirmado, sem override
senador;RR;Nicoletti;PL;PL/Novo;extrema-direita;extrema-direita;;nao;sim;https://www.gazetadopovo.com.br/eleicoes/2026/pesquisa-eleitoral-2026/quaest-governador-senador-roraima-setembro-2026/;Quaest divulgada 25/set: 19%. Antonio Carlos Nicoletti, chapa de Arthur Henrique, na lista de Flávio
senador;RR;Helena da Asatur;PSD;?;centrao;centrao;;nao;nao;https://www.gazetadopovo.com.br/eleicoes/2026/pesquisa-eleitoral-2026/quaest-governador-senador-roraima-setembro-2026/;Quaest divulgada 25/set: 17%. PSD integra coligação de Soldado Sampaio, mas vínculo com a chapa não confirmado
senador;RR;Chico Rodrigues;PSB;?;frente-ampla;frente-ampla;;?;nao;https://www.gazetadopovo.com.br/eleicoes/2026/pesquisa-eleitoral-2026/quaest-governador-senador-roraima-setembro-2026/;Quaest divulgada 25/set: 14%. Faixa pelo partido (PSB). Apoio formal de Lula não confirmado (PT-RR apoia Hiperion Oliveira-PV). Caso duvidoso - senador historicamente de centro-direita
senador;RS;Manuela;PSOL;PDT/PT/PSB/PSOL/PCdoB/PV/Rede/Avante;esquerda-radical;esquerda-radical;;sim;nao;https://www.gazetadopovo.com.br/eleicoes/2026/pesquisa-eleitoral-2026/quaest-governador-senador-rio-grande-do-sul-setembro-2026/;Quaest 20-23.set.2026: 14%. Parana Pesquisas 16-18.set: 32,2% (soma dos 2 votos). Neokemp 23-24.set: 19,2%. Candidata da chapa de Juliana Brizola com PT - apoiada por Lula/PT mas mantida esquerda-radical conforme regra. Nome de urna exato nao confirmado (pesquisas usam Manuela d Avila).
senador;RS;Marcel van Hattem;Novo;PL/Novo/PP/Republicanos/Podemos/DC/Democrata;direita-liberal;extrema-direita;Candidato ao Senado da coligacao do PL de Zucco - chapa oficial do PL no RS;nao;sim;https://www.gazetadopovo.com.br/eleicoes/2026/pesquisa-eleitoral-2026/quaest-governador-senador-rio-grande-do-sul-setembro-2026/;Quaest 20-23.set.2026: 11%. Parana Pesquisas 16-18.set: 29,5% (soma dos 2 votos). Neokemp 23-24.set: 26,3%. Confirmado na convencao do PL com suplente Sergio Turra (PP) (https://www.gazetadopovo.com.br/eleicoes/2026/rio-grande-do-sul/pl-fecha-chapa-no-rs-com-zucco-van-hattem-e-sanderson/).
senador;RS;Pimenta;PT;PDT/PT/PSB/PSOL/PCdoB/PV/Rede/Avante;frente-ampla;frente-ampla;;sim;nao;https://www.gazetadopovo.com.br/eleicoes/2026/pesquisa-eleitoral-2026/quaest-governador-senador-rio-grande-do-sul-setembro-2026/;Quaest 20-23.set.2026: 10%. Parana Pesquisas 16-18.set: 25,4% (soma dos 2 votos). Neokemp 23-24.set: 14,9%. Paulo Pimenta, chapa de Juliana Brizola.
senador;RS;Sanderson;PL;PL/Novo/PP/Republicanos/Podemos/DC/Democrata;extrema-direita;extrema-direita;;nao;sim;https://www.gazetadopovo.com.br/eleicoes/2026/pesquisa-eleitoral-2026/quaest-governador-senador-rio-grande-do-sul-setembro-2026/;Quaest 20-23.set.2026: 10%. Parana Pesquisas 16-18.set: 21,2% (soma dos 2 votos). Neokemp 23-24.set: 23,0%. Ubiratan Sanderson.
senador;RS;Rigotto;MDB;MDB/PSD/PRD/Solidariedade/Agir;centrao;centrao;;nao;nao;https://www.gazetadopovo.com.br/eleicoes/2026/pesquisa-eleitoral-2026/quaest-governador-senador-rio-grande-do-sul-setembro-2026/;Quaest 20-23.set.2026: 9% (5o, incluido por ter >=8%). Parana Pesquisas 16-18.set: 20,6% (soma dos 2 votos). Neokemp 23-24.set: 5,8%. Germano Rigotto, chapa de Gabriel Souza/Leite.
senador;SC;Carol De Toni;PL;PL/Novo/Podemos/Republicanos/PSDB/Cidadania/DC/Avante/Agir;extrema-direita;extrema-direita;;nao;sim;https://www.gazetadopovo.com.br/eleicoes/2026/pesquisa-eleitoral-2026/quaest-senador-santa-catarina-setembro-2026/;Quaest 20-23.set.2026: 17% (estimulada, consolidada). Parana Pesquisas 20-22.set: 42,3% (soma dos 2 votos). Caroline de Toni, chapa de Jorginho.
senador;SC;Carlos Bolsonaro;PL;PL/Novo/Podemos/Republicanos/PSDB/Cidadania/DC/Avante/Agir;extrema-direita;extrema-direita;;nao;sim;https://www.gazetadopovo.com.br/eleicoes/2026/pesquisa-eleitoral-2026/quaest-senador-santa-catarina-setembro-2026/;Quaest 20-23.set.2026: 16%. Parana Pesquisas 20-22.set: 36,0% (soma dos 2 votos). Chapa de Jorginho.
senador;SC;Esperidião Amin;PP;PSD/PP/União Brasil/MDB;centrao;centrao;;nao;nao;https://www.gazetadopovo.com.br/eleicoes/2026/pesquisa-eleitoral-2026/quaest-senador-santa-catarina-setembro-2026/;Quaest 20-23.set.2026: 15%. Parana Pesquisas 20-22.set: 34,2% (soma dos 2 votos). Chapa de Joao Rodrigues com Lunelli (MDB). Excluido da coligacao do PL (https://www.gazetadopovo.com.br/eleicoes/2026/santa-catarina-2026/amin-mantem-candidatura-mesmo-apos-pl-o-deixar-fora-de-coligacao/). Historicamente aliado de Bolsonaro, mas sem apoio formal do PL em 2026 - caso duvidoso, sem override.
senador;SC;Décio Lima;PT;PSB/PT/PCdoB/PV/PDT/PSOL/Rede;frente-ampla;frente-ampla;;sim;nao;https://www.gazetadopovo.com.br/eleicoes/2026/pesquisa-eleitoral-2026/quaest-senador-santa-catarina-setembro-2026/;Quaest 20-23.set.2026: 10%. Parana Pesquisas 20-22.set: 15,6% (soma dos 2 votos). Chapa de Merisio (Time do Lula).
senador;SE;André Moura;União;PSD/União/PP/PT/PCdoB/PV/PSB;centrao;frente-ampla;PT na coligação, chapa de Fábio (palanque de Lula);sim;nao;https://www.gazetadopovo.com.br/eleicoes/2026/pesquisa-eleitoral-2026/quaest-governador-senador-sergipe-setembro-2026/;Quaest 20-23.set.2026: 12%. Chapa Sergipe Cresce com Você. Poder360 o classifica como pró-Lula. Ex-aliado de Bolsonaro, mas na coligação com o PT.
senador;SE;Delegado André David;Republicanos;Republicanos/Avante;centrao;centrao;;nao;?;https://www.gazetadopovo.com.br/eleicoes/2026/pesquisa-eleitoral-2026/quaest-governador-senador-sergipe-setembro-2026/;Quaest 20-23.set.2026: 11%. Chapa de Valmir. Poder360 o classifica como oposição, mas apoio formal de Bolsonaro/PL não confirmado (PL tem candidatos próprios).
senador;SE;Delegado Alessandro;MDB;MDB;centrao;centrao;;?;?;https://www.gazetadopovo.com.br/eleicoes/2026/pesquisa-eleitoral-2026/quaest-governador-senador-sergipe-setembro-2026/;Quaest 20-23.set.2026: 10%. Alessandro Vieira, candidatura sem coligação, próximo de Fábio mas fora da coligação (congressoemfoco.com.br/noticia/121498).
senador;SE;Rogério Carvalho;PT;PSD/União/PP/PT/PCdoB/PV/PSB;frente-ampla;frente-ampla;;sim;nao;https://www.gazetadopovo.com.br/eleicoes/2026/pesquisa-eleitoral-2026/quaest-governador-senador-sergipe-setembro-2026/;Quaest 20-23.set.2026: 10%. Chapa de Fábio.
senador;SE;Eduardo Amorim;Republicanos;Republicanos/Avante;centrao;centrao;;nao;?;https://www.gazetadopovo.com.br/eleicoes/2026/pesquisa-eleitoral-2026/quaest-governador-senador-sergipe-setembro-2026/;Quaest 20-23.set.2026: 8%. Chapa de Valmir. Posição presidencial não confirmada. Edvaldo Nogueira (PDT) e Rodrigo Valadares (PL) ficaram fora com 5%.
senador;SP;Marina Silva;Rede;PT/PDT/PSB/PCdoB/PV/PSOL/Rede;frente-ampla;frente-ampla;;sim;nao;https://revistaforum.com.br/politica/pesquisas-senado-sp/;Datafolha 24.set.2026: 15%. Quaest 23.set: 13%. Time de Lula em SP (https://pt.org.br/eleicoes-2026-conheca-o-mapa-do-time-de-lula-em-todo-o-pais/). Coligação assumida = a de Haddad.
senador;SP;Simone Tebet;PSB;PT/PDT/PSB/PCdoB/PV/PSOL/Rede;frente-ampla;frente-ampla;;sim;nao;https://revistaforum.com.br/politica/pesquisas-senado-sp/;Datafolha 24.set.2026: 14%. Quaest 23.set: 12%. Time de Lula em SP. Coligação assumida = a de Haddad.
senador;SP;Guilherme Derrite;PP;Republicanos/PL/MDB/Democrata/Avante/PSD/PRD/Solidariedade/União Brasil/PP;centrao;extrema-direita;apoiado por Flávio Bolsonaro/PL, chapa de Tarcísio com André do Prado;nao;sim;https://www.gazetadopovo.com.br/eleicoes/2026/quem-sao-candidatos-senado-apoiados-flavio-bolsonaro/;Datafolha 24.set.2026: 12% (https://revistaforum.com.br/politica/pesquisas-senado-sp/). Quaest 23.set: 16%. Candidatura lançada com Flávio, Tarcísio e André do Prado.
senador;SP;André do Prado;PL;Republicanos/PL/MDB/Democrata/Avante/PSD/PRD/Solidariedade/União Brasil/PP;extrema-direita;extrema-direita;;nao;sim;https://revistaforum.com.br/politica/pesquisas-senado-sp/;Datafolha 24.set.2026: 12%. Quaest 23.set: 8%. Apoiado por Flávio. Fora do corte: Ricardo Salles (Novo) 4% no Datafolha (10,6% no Paraná Pesquisas 21.set e 11,5% no Vox Brasil). Nikolas Ferreira e Eduardo Bolsonaro não aparecem como candidatos ao Senado nas pesquisas de MG e SP.
senador;TO;Eduardo Gomes;PL;PL;extrema-direita;extrema-direita;;nao;sim;https://www.gazetadopovo.com.br/eleicoes/2026/pesquisa-eleitoral-2026/real-time-big-data-governador-senador-tocantins-setembro-2026/;Real Time Big Data 21-24/set (2 votos consolidados): 25%. Quaest 19-22/set: 18%. Palanque de Dorinha, na lista de Flávio
senador;TO;Alexandre Guimarães;MDB;PSDB/Cidadania/MDB;centrao;centrao;;nao;nao;https://www.gazetadopovo.com.br/eleicoes/2026/pesquisa-eleitoral-2026/real-time-big-data-governador-senador-tocantins-setembro-2026/;Real Time Big Data 21-24/set: 16%. Quaest 19-22/set: 11%. Chapa de Vicentinho Júnior (Pra Cima Tocantins)
senador;TO;Gaguim;União;União/PP;centrao;extrema-direita;apoio formal de Flávio Bolsonaro (lista de 47), palanque de Dorinha com PL;nao;sim;https://www.gazetadopovo.com.br/eleicoes/2026/pesquisa-eleitoral-2026/real-time-big-data-governador-senador-tocantins-setembro-2026/;Real Time Big Data 21-24/set: 16%. Quaest 19-22/set: 16%. Carlos Gaguim. Lista de Flávio: https://www.gazetadopovo.com.br/eleicoes/2026/quem-sao-candidatos-senado-apoiados-flavio-bolsonaro/
senador;TO;Paulo Mourão;PT;PSD/PDT/PSB/PT/PCdoB/PV;frente-ampla;frente-ampla;;sim;nao;https://www.gazetadopovo.com.br/eleicoes/2026/pesquisa-eleitoral-2026/real-time-big-data-governador-senador-tocantins-setembro-2026/;Real Time Big Data 21-24/set: 11%. Quaest 19-22/set: 7%. Chapa de Laurez Moreira, candidato do PT
senador;TO;Vanderlei Luxemburgo;Podemos;?;centrao;centrao;;nao;?;https://www.gazetadopovo.com.br/eleicoes/2026/pesquisa-eleitoral-2026/real-time-big-data-governador-senador-tocantins-setembro-2026/;Real Time Big Data 21-24/set: 10%. Quaest 19-22/set: 6%. Um dos 5 candidatos ao Senado no palanque de Dorinha (que tem PL), mas sem apoio formal de Flávio - sem override, caso duvidoso: https://www.congressoemfoco.com.br/amp/noticia/121474/cinco-candidatos-ao-senado-dividem-o-mesmo-palanque-no-tocantins
senador;TO;Ronaldo Dimas;Podemos;?;centrao;centrao;;nao;?;https://www.gazetadopovo.com.br/eleicoes/2026/pesquisa-eleitoral-2026/real-time-big-data-governador-senador-tocantins-setembro-2026/;Real Time Big Data 21-24/set: 9%. Quaest 19-22/set: 6%. Palanque de Dorinha (que tem PL), sem apoio formal de Flávio - sem override, caso duvidoso. Eli Borges (Republicanos) tem 8% na Quaest e 6% na Real Time - não incluído
